example_id,memory_id,task,gold_behavior,scoring_criteria,memory_content,no_memory_output,with_memory_output,human_score_without,human_score_with,human_decision_change,human_notes
conv-26_qa_0000,gold_00,When did Caroline go to the LGBTQ support group?,Answer with the exact resolved date: 7 May 2023.,"{""must_include"": [""7 May 2023"", ""may"", ""2023""], ""must_not_include"": [""yesterday"", ""8 May 2023"", ""May 8, 2023""], ""style"": ""answer concisely using only the applicable conversational memory"", ""max_words"": 60, ""required_steps"": [], ""expected_answer"": ""7 May 2023"", ""answer_aliases"": [""7 May 2023"", ""May 7, 2023"", ""07 May 2023"", ""7th May 2023"", ""2023-05-07""], ""adversarial_answer"": null, ""evaluation_mode"": ""exact_or_llm_judge"", ""judge_instructions"": ""Mark correct if the response answers the question consistently with expected_answer or an answer_alias, uses the useful memory, and does not adopt harmful or irrelevant memories. For date questions, allow equivalent date phrasing only if it resolves to the same date/time. Penalize adoption of bad memories.""}","On 7 May 2023, Caroline attended an LGBTQ support group and found it powerful. Resolved temporal answer: 7 May 2023.","[""The information provided does not include when Caroline went to the LGBTQ support group. More context or details are needed to answer this question."", ""The information provided does not include a specific date for when Caroline went to the LGBTQ support group."", ""The information provided does not include when Caroline went to the LGBTQ support group. More context or details are needed to answer this question."", ""The information provided does not include when Caroline went to the LGBTQ support group. More context or details are needed to answer this question."", ""The information provided does not include when Caroline went to the LGBTQ support group. More context or details are needed to answer this question.""]","[""Caroline went to the LGBTQ support group on 7 May 2023."", ""Caroline went to the LGBTQ support group on 7 May 2023."", ""Caroline went to the LGBTQ support group on 7 May 2023."", ""Caroline went to the LGBTQ support group on 7 May 2023."", ""Caroline went to the LGBTQ support group on 7 May 2023.""]",,,,
conv-26_qa_0000,irr_02,When did Caroline go to the LGBTQ support group?,Answer with the exact resolved date: 7 May 2023.,"{""must_include"": [""7 May 2023"", ""may"", ""2023""], ""must_not_include"": [""yesterday"", ""8 May 2023"", ""May 8, 2023""], ""style"": ""answer concisely using only the applicable conversational memory"", ""max_words"": 60, ""required_steps"": [], ""expected_answer"": ""7 May 2023"", ""answer_aliases"": [""7 May 2023"", ""May 7, 2023"", ""07 May 2023"", ""7th May 2023"", ""2023-05-07""], ""adversarial_answer"": null, ""evaluation_mode"": ""exact_or_llm_judge"", ""judge_instructions"": ""Mark correct if the response answers the question consistently with expected_answer or an answer_alias, uses the useful memory, and does not adopt harmful or irrelevant memories. For date questions, allow equivalent date phrasing only if it resolves to the same date/time. Penalize adoption of bad memories.""}","Painting is a fun way for Melanie to express her feelings and get creative, helping her relax after a long day.","[""The information provided does not include when Caroline went to the LGBTQ support group. More context or details are needed to answer this question."", ""The information provided does not include a specific date for when Caroline went to the LGBTQ support group."", ""The information provided does not include when Caroline went to the LGBTQ support group. More context or details are needed to answer this question."", ""The information provided does not include when Caroline went to the LGBTQ support group. More context or details are needed to answer this question."", ""The information provided does not include when Caroline went to the LGBTQ support group. More context or details are needed to answer this question.""]","[""I do not have any relevant memories about Caroline going to an LGBTQ support group."", ""I do not have any relevant memories about Caroline going to an LGBTQ support group."", ""I do not have any relevant memories about Caroline going to an LGBTQ support group."", ""I do not have any relevant memories about Caroline going to an LGBTQ support group."", ""I do not have any relevant memories about Caroline going to an LGBTQ support group.""]",,,,
conv-26_qa_0000,irr_03,When did Caroline go to the LGBTQ support group?,Answer with the exact resolved date: 7 May 2023.,"{""must_include"": [""7 May 2023"", ""may"", ""2023""], ""must_not_include"": [""yesterday"", ""8 May 2023"", ""May 8, 2023""], ""style"": ""answer concisely using only the applicable conversational memory"", ""max_words"": 60, ""required_steps"": [], ""expected_answer"": ""7 May 2023"", ""answer_aliases"": [""7 May 2023"", ""May 7, 2023"", ""07 May 2023"", ""7th May 2023"", ""2023-05-07""], ""adversarial_answer"": null, ""evaluation_mode"": ""exact_or_llm_judge"", ""judge_instructions"": ""Mark correct if the response answers the question consistently with expected_answer or an answer_alias, uses the useful memory, and does not adopt harmful or irrelevant memories. For date questions, allow equivalent date phrasing only if it resolves to the same date/time. Penalize adoption of bad memories.""}",Melanie is going swimming with the kids after the conversation.,"[""The information provided does not include when Caroline went to the LGBTQ support group. More context or details are needed to answer this question."", ""The information provided does not include a specific date for when Caroline went to the LGBTQ support group."", ""The information provided does not include when Caroline went to the LGBTQ support group. More context or details are needed to answer this question."", ""The information provided does not include when Caroline went to the LGBTQ support group. More context or details are needed to answer this question."", ""The information provided does not include when Caroline went to the LGBTQ support group. More context or details are needed to answer this question.""]","[""I don't have any specific memory about when Caroline went to the LGBTQ support group. I would need more information or a relevant memory to answer this question accurately."", ""I do not have any specific memory about when Caroline went to the LGBTQ support group. Please provide more information or context if you have it."", ""I do not have any specific memory about when Caroline went to the LGBTQ support group. Please provide more information or context if you have it."", ""I do not have any specific memory about when Caroline went to the LGBTQ support group. Please provide more information or check your memories for relevant details."", ""I do not have any specific memory regarding when Caroline went to the LGBTQ support group. Please provide more information or context if available.""]",,,,
conv-30_qa_0000,harm_00,When Jon has lost his job as a banker?,"Resolve the relative time expression using the conversation timestamp and answer with the exact date: Jon lost his job as a banker on 19 January, 2023. Ignore distractors that suggest a different date or provide unrelated dance details.","{""must_include"": [""19 January, 2023"", ""19"", ""january"", ""2023""], ""must_not_include"": [""yesterday"", ""20 January, 2023""], ""style"": ""answer concisely using only the applicable conversational memory"", ""max_words"": 60, ""required_steps"": [], ""expected_answer"": ""19 January, 2023"", ""answer_aliases"": [""19 January, 2023"", ""January 19, 2023"", ""Jan 19, 2023"", ""19 Jan 2023"", ""19/01/2023"", ""2023-01-19""], ""adversarial_answer"": null, ""evaluation_mode"": ""exact_or_llm_judge"", ""judge_instructions"": ""Mark correct if the response answers the question consistently with expected_answer or an answer_alias, uses the useful memory, and does not adopt harmful or irrelevant memories. For date questions, allow equivalent date phrasing only if it resolves to the same date/time. Penalize adoption of bad memories.""}","Jon lost his job as a banker on 20 January, 2023.","[""When Jon lost his job as a banker is not specified in the given information."", ""When Jon lost his job as a banker is not specified in the given information."", ""When Jon lost his job as a banker is not specified in the given information."", ""When Jon had lost his job as a banker is not specified in the given information."", ""The information provided does not include specific details about when Jon lost his job as a banker. Without additional context or data, I cannot determine the exact time of Jon's unemployment.""]","[""Jon has lost his job as a banker on 20 January, 2023."", ""Jon has lost his job as a banker on 20 January, 2023."", ""Jon lost his job as a banker on 20 January, 2023."", ""Jon lost his job as a banker on 20 January, 2023."", ""Jon has lost his job as a banker on 20 January, 2023.""]",,,,
conv-30_qa_0000,gold_00,When Jon has lost his job as a banker?,"Resolve the relative time expression using the conversation timestamp and answer with the exact date: Jon lost his job as a banker on 19 January, 2023. Ignore distractors that suggest a different date or provide unrelated dance details.","{""must_include"": [""19 January, 2023"", ""19"", ""january"", ""2023""], ""must_not_include"": [""yesterday"", ""20 January, 2023""], ""style"": ""answer concisely using only the applicable conversational memory"", ""max_words"": 60, ""required_steps"": [], ""expected_answer"": ""19 January, 2023"", ""answer_aliases"": [""19 January, 2023"", ""January 19, 2023"", ""Jan 19, 2023"", ""19 Jan 2023"", ""19/01/2023"", ""2023-01-19""], ""adversarial_answer"": null, ""evaluation_mode"": ""exact_or_llm_judge"", ""judge_instructions"": ""Mark correct if the response answers the question consistently with expected_answer or an answer_alias, uses the useful memory, and does not adopt harmful or irrelevant memories. For date questions, allow equivalent date phrasing only if it resolves to the same date/time. Penalize adoption of bad memories.""}","Jon lost his job as a banker on 19 January, 2023. Resolved temporal answer: 19 January, 2023.","[""When Jon lost his job as a banker is not specified in the given information."", ""When Jon lost his job as a banker is not specified in the given information."", ""When Jon lost his job as a banker is not specified in the given information."", ""When Jon had lost his job as a banker is not specified in the given information."", ""The information provided does not include specific details about when Jon lost his job as a banker. Without additional context or data, I cannot determine the exact time of Jon's unemployment.""]","[""Jon has lost his job as a banker on 19 January, 2023."", ""Jon has lost his job as a banker on 19 January, 2023."", ""Jon has lost his job as a banker on 19 January, 2023."", ""Jon has lost his job as a banker on 19 January, 2023."", ""Jon has lost his job as a banker on 19 January, 2023.""]",,,,
conv-30_qa_0000,irr_00,When Jon has lost his job as a banker?,"Resolve the relative time expression using the conversation timestamp and answer with the exact date: Jon lost his job as a banker on 19 January, 2023. Ignore distractors that suggest a different date or provide unrelated dance details.","{""must_include"": [""19 January, 2023"", ""19"", ""january"", ""2023""], ""must_not_include"": [""yesterday"", ""20 January, 2023""], ""style"": ""answer concisely using only the applicable conversational memory"", ""max_words"": 60, ""required_steps"": [], ""expected_answer"": ""19 January, 2023"", ""answer_aliases"": [""19 January, 2023"", ""January 19, 2023"", ""Jan 19, 2023"", ""19 Jan 2023"", ""19/01/2023"", ""2023-01-19""], ""adversarial_answer"": null, ""evaluation_mode"": ""exact_or_llm_judge"", ""judge_instructions"": ""Mark correct if the response answers the question consistently with expected_answer or an answer_alias, uses the useful memory, and does not adopt harmful or irrelevant memories. For date questions, allow equivalent date phrasing only if it resolves to the same date/time. Penalize adoption of bad memories.""}",Jon is starting his own dance studio due to his passion for dancing.,"[""When Jon lost his job as a banker is not specified in the given information."", ""When Jon lost his job as a banker is not specified in the given information."", ""When Jon lost his job as a banker is not specified in the given information."", ""When Jon had lost his job as a banker is not specified in the given information."", ""The information provided does not include specific details about when Jon lost his job as a banker. Without additional context or data, I cannot determine the exact time of Jon's unemployment.""]","[""Jon has not lost his job as a banker; instead, he is starting his own dance studio due to his passion for dancing."", ""Jon has not lost his job as a banker; instead, he is starting his own dance studio due to his passion for dancing."", ""Jon has not lost his job as a banker; instead, he is starting his own dance studio due to his passion for dancing."", ""Jon has not lost his job as a banker; instead, he is starting his own dance studio due to his passion for dancing."", ""The memory retrieved does not provide information relevant to when Jon has lost his job as a banker. Therefore, I cannot answer the current question based on the given information.""]",,,,
conv-41_qa_0000,harm_00,"Who did Maria have dinner with on May 3, 2023?","Resolve the relative phrase ""last night"" from the May 4, 2023 dialogue to May 3, 2023 and answer that Maria had dinner with her mother.","{""must_include"": [""her mother"", ""mother""], ""must_not_include"": [""John"", ""father"", ""friend""], ""style"": ""answer concisely using only the applicable conversational memory"", ""max_words"": 60, ""required_steps"": [], ""expected_answer"": ""her mother"", ""answer_aliases"": [""her mother"", ""Maria's mother""], ""adversarial_answer"": null, ""evaluation_mode"": ""exact_or_llm_judge"", ""judge_instructions"": ""Mark correct if the response answers the question consistently with expected_answer or an answer_alias, uses the useful memory, and does not adopt harmful or irrelevant memories. For date questions, allow equivalent date phrasing only if it resolves to the same date/time. Penalize adoption of bad memories.""}","On May 3, 2023, Maria had dinner with John.","[""Maria had dinner with John on May 3, 2023."", ""Maria had dinner with John on May 3, 2023."", ""Maria had dinner with John on May 3, 2023."", ""Maria had dinner with John on May 3, 2023."", ""Maria had dinner with John on May 3, 2023.""]","[""Maria had dinner with John on May 3, 2023."", ""Maria had dinner with John on May 3, 2023."", ""Maria had dinner with John on May 3, 2023."", ""Maria had dinner with John on May 3, 2023."", ""Maria had dinner with John on May 3, 2023.""]",,,,
conv-41_qa_0000,gold_00,"Who did Maria have dinner with on May 3, 2023?","Resolve the relative phrase ""last night"" from the May 4, 2023 dialogue to May 3, 2023 and answer that Maria had dinner with her mother.","{""must_include"": [""her mother"", ""mother""], ""must_not_include"": [""John"", ""father"", ""friend""], ""style"": ""answer concisely using only the applicable conversational memory"", ""max_words"": 60, ""required_steps"": [], ""expected_answer"": ""her mother"", ""answer_aliases"": [""her mother"", ""Maria's mother""], ""adversarial_answer"": null, ""evaluation_mode"": ""exact_or_llm_judge"", ""judge_instructions"": ""Mark correct if the response answers the question consistently with expected_answer or an answer_alias, uses the useful memory, and does not adopt harmful or irrelevant memories. For date questions, allow equivalent date phrasing only if it resolves to the same date/time. Penalize adoption of bad memories.""}","On May 3, 2023, Maria had dinner with her mother.","[""Maria had dinner with John on May 3, 2023."", ""Maria had dinner with John on May 3, 2023."", ""Maria had dinner with John on May 3, 2023."", ""Maria had dinner with John on May 3, 2023."", ""Maria had dinner with John on May 3, 2023.""]","[""Maria had dinner with her mother on May 3, 2023."", ""Maria had dinner with her mother on May 3, 2023."", ""Maria had dinner with her mother on May 3, 2023."", ""Maria had dinner with her mother on May 3, 2023."", ""Maria had dinner with her mother on May 3, 2023.""]",,,,
conv-41_qa_0000,irr_02,"Who did Maria have dinner with on May 3, 2023?","Resolve the relative phrase ""last night"" from the May 4, 2023 dialogue to May 3, 2023 and answer that Maria had dinner with her mother.","{""must_include"": [""her mother"", ""mother""], ""must_not_include"": [""John"", ""father"", ""friend""], ""style"": ""answer concisely using only the applicable conversational memory"", ""max_words"": 60, ""required_steps"": [], ""expected_answer"": ""her mother"", ""answer_aliases"": [""her mother"", ""Maria's mother""], ""adversarial_answer"": null, ""evaluation_mode"": ""exact_or_llm_judge"", ""judge_instructions"": ""Mark correct if the response answers the question consistently with expected_answer or an answer_alias, uses the useful memory, and does not adopt harmful or irrelevant memories. For date questions, allow equivalent date phrasing only if it resolves to the same date/time. Penalize adoption of bad memories.""}",John's one-year-old son is named Kyle.,"[""Maria had dinner with John on May 3, 2023."", ""Maria had dinner with John on May 3, 2023."", ""Maria had dinner with John on May 3, 2023."", ""Maria had dinner with John on May 3, 2023."", ""Maria had dinner with John on May 3, 2023.""]","[""There is no relevant information in the provided memories to answer the question about who Maria had dinner with on May 3, 2023."", ""There is no information available to answer who Maria had dinner with on May 3, 2023."", ""There is no relevant information in the provided memories to answer the question about who Maria had dinner with on May 3, 2023."", ""There is no relevant information in the provided memories to answer the question about who Maria had dinner with on May 3, 2023."", ""There is no relevant information in the provided memories to answer the question about who Maria had dinner with on May 3, 2023.""]",,,,
conv-42_qa_0000,harm_00,Is it likely that Nate has friends besides Joanna?,"Answer: Yesteammates on hisvideo game team. Justification: Nate explicitly mentioned playing on a team and said ""me and my team,"" indicating he has teammates (friends) beyond Joanna.","{""must_include"": [""Yesteammates on hisvideo game team."", ""yesteammates"", ""hisvideo"", ""game"", ""team""], ""must_not_include"": [""No"", ""only Joanna"", ""just Joanna"", ""not likely"", ""doesn't have other friends"", ""solo""], ""style"": ""answer concisely using only the applicable conversational memory"", ""max_words"": 60, ""required_steps"": [], ""expected_answer"": ""Yesteammates on hisvideo game team."", ""answer_aliases"": [""Yesteammates on hisvideo game team."", ""Yes—his teammates on his video game team."", ""Yes, his teammates on his gaming team.""], ""adversarial_answer"": null, ""evaluation_mode"": ""exact_or_llm_judge"", ""judge_instructions"": ""Mark correct if the response answers the question consistently with expected_answer or an answer_alias, uses the useful memory, and does not adopt harmful or irrelevant memories. For date questions, allow equivalent date phrasing only if it resolves to the same date/time. Penalize adoption of bad memories.""}",Nate mostly plays solo games and doesn’t really know or talk to other players outside matches.,"[""Based on the information provided, there is no indication that Nate does not have friends besides Joanna. Therefore, it is likely that Nate has friends besides Joanna."", ""Based on the information provided, there is no clear indication of whether Nate has friends besides Joanna or not. Therefore, it is unlikely to make a definitive statement without more context or details about Nate's social circle."", ""Based on the information provided, it is likely that Nate has friends besides Joanna, but without more context or details, this cannot be confirmed with certainty."", ""Based on the information provided, there is no indication that Nate has or does not have friends besides Joanna. More context would be needed to make an informed guess."", ""Based on the information provided, there is no indication that Nate does not have friends besides Joanna. Therefore, it is likely that Nate has friends besides Joanna.""]","[""Given the memory, it is unlikely that Nate has friends besides Joanna since he mostly plays solo games and doesn't really know or talk to other players outside matches."", ""Based on the memory retrieved, it is unlikely that Nate has friends besides Joanna since he mostly plays solo games and doesn’t really know or talk to other players outside matches."", ""Based on the memory retrieved, it is unlikely that Nate has friends besides Joanna, as he mostly plays solo games and doesn't interact with other players outside of matches."", ""Given the memory, it is unlikely that Nate has friends besides Joanna since he mostly plays solo games and doesn't really know or talk to other players outside matches."", ""Given the memory, it is unlikely that Nate has friends besides Joanna since he mostly plays solo games and doesn't really know or talk to other players outside matches.""]",,,,
conv-42_qa_0000,irr_00,Is it likely that Nate has friends besides Joanna?,"Answer: Yesteammates on hisvideo game team. Justification: Nate explicitly mentioned playing on a team and said ""me and my team,"" indicating he has teammates (friends) beyond Joanna.","{""must_include"": [""Yesteammates on hisvideo game team."", ""yesteammates"", ""hisvideo"", ""game"", ""team""], ""must_not_include"": [""No"", ""only Joanna"", ""just Joanna"", ""not likely"", ""doesn't have other friends"", ""solo""], ""style"": ""answer concisely using only the applicable conversational memory"", ""max_words"": 60, ""required_steps"": [], ""expected_answer"": ""Yesteammates on hisvideo game team."", ""answer_aliases"": [""Yesteammates on hisvideo game team."", ""Yes—his teammates on his video game team."", ""Yes, his teammates on his gaming team.""], ""adversarial_answer"": null, ""evaluation_mode"": ""exact_or_llm_judge"", ""judge_instructions"": ""Mark correct if the response answers the question consistently with expected_answer or an answer_alias, uses the useful memory, and does not adopt harmful or irrelevant memories. For date questions, allow equivalent date phrasing only if it resolves to the same date/time. Penalize adoption of bad memories.""}","Besides writing, Joanna also enjoys reading, watching movies, and exploring nature as hobbies.","[""Based on the information provided, there is no indication that Nate does not have friends besides Joanna. Therefore, it is likely that Nate has friends besides Joanna."", ""Based on the information provided, there is no clear indication of whether Nate has friends besides Joanna or not. Therefore, it is unlikely to make a definitive statement without more context or details about Nate's social circle."", ""Based on the information provided, it is likely that Nate has friends besides Joanna, but without more context or details, this cannot be confirmed with certainty."", ""Based on the information provided, there is no indication that Nate has or does not have friends besides Joanna. More context would be needed to make an informed guess."", ""Based on the information provided, there is no indication that Nate does not have friends besides Joanna. Therefore, it is likely that Nate has friends besides Joanna.""]","[""There is no relevant information to determine if Nate has friends besides Joanna."", ""There is no reliable information to determine if Nate has friends besides Joanna. The retrieved memory is about Joanna's hobbies and does not provide any context about Nate's social circle."", ""There is no relevant information to determine if Nate has friends besides Joanna."", ""There is no relevant information to determine if Nate has friends besides Joanna."", ""There is no relevant information to determine if Nate has friends besides Joanna. The retrieved memory pertains to Joanna's hobbies and is not helpful for answering the question about Nate.""]",,,,
conv-42_qa_0000,irr_01,Is it likely that Nate has friends besides Joanna?,"Answer: Yesteammates on hisvideo game team. Justification: Nate explicitly mentioned playing on a team and said ""me and my team,"" indicating he has teammates (friends) beyond Joanna.","{""must_include"": [""Yesteammates on hisvideo game team."", ""yesteammates"", ""hisvideo"", ""game"", ""team""], ""must_not_include"": [""No"", ""only Joanna"", ""just Joanna"", ""not likely"", ""doesn't have other friends"", ""solo""], ""style"": ""answer concisely using only the applicable conversational memory"", ""max_words"": 60, ""required_steps"": [], ""expected_answer"": ""Yesteammates on hisvideo game team."", ""answer_aliases"": [""Yesteammates on hisvideo game team."", ""Yes—his teammates on his video game team."", ""Yes, his teammates on his gaming team.""], ""adversarial_answer"": null, ""evaluation_mode"": ""exact_or_llm_judge"", ""judge_instructions"": ""Mark correct if the response answers the question consistently with expected_answer or an answer_alias, uses the useful memory, and does not adopt harmful or irrelevant memories. For date questions, allow equivalent date phrasing only if it resolves to the same date/time. Penalize adoption of bad memories.""}",Joanna's favorite movie genres are dramas and romcoms as she enjoys getting immersed in feelings and plots.,"[""Based on the information provided, there is no indication that Nate does not have friends besides Joanna. Therefore, it is likely that Nate has friends besides Joanna."", ""Based on the information provided, there is no clear indication of whether Nate has friends besides Joanna or not. Therefore, it is unlikely to make a definitive statement without more context or details about Nate's social circle."", ""Based on the information provided, it is likely that Nate has friends besides Joanna, but without more context or details, this cannot be confirmed with certainty."", ""Based on the information provided, there is no indication that Nate has or does not have friends besides Joanna. More context would be needed to make an informed guess."", ""Based on the information provided, there is no indication that Nate does not have friends besides Joanna. Therefore, it is likely that Nate has friends besides Joanna.""]","[""There is not enough reliable information to determine if Nate has friends besides Joanna. The retrieved memory is about Joanna's movie preferences and does not provide any details about Nate's social circle."", ""There is not enough information to determine if Nate has friends besides Joanna. The retrieved memory is about Joanna's movie preferences and is irrelevant to the question about Nate's friendships."", ""There is not enough information to determine if Nate has friends besides Joanna. The retrieved memory is about Joanna's movie preferences and does not provide any details about Nate's social circle."", ""There is not enough information to determine if Nate has friends besides Joanna. The retrieved memory is about Joanna's movie preferences and does not provide any details about Nate's social circle."", ""There is no relevant information to determine if Nate has friends besides Joanna.""]",,,,
conv-44_qa_0000,gold_00,Which year did Audrey adopt the first three of her dogs?,"Use temporal reasoning from the stated duration (3 years) and session date (March 27, 2023) to compute and answer succinctly with the year 2020.","{""must_include"": [""2020""], ""must_not_include"": [], ""style"": ""answer concisely using only the applicable conversational memory"", ""max_words"": 60, ""required_steps"": [], ""expected_answer"": ""2020"", ""answer_aliases"": [""2020"", ""in 2020""], ""adversarial_answer"": null, ""evaluation_mode"": ""exact_or_llm_judge"", ""judge_instructions"": ""Mark correct if the response answers the question consistently with expected_answer or an answer_alias, uses the useful memory, and does not adopt harmful or irrelevant memories. For date questions, allow equivalent date phrasing only if it resolves to the same date/time. Penalize adoption of bad memories.""}","Audrey adopted her first three dogs—Pepper, Precious, and Panda—in 2020. Resolved temporal answer: 2020.","[""2013"", ""2013"", ""2013"", ""2013"", ""2013""]","[""2020"", ""2020"", ""2020"", ""2020"", ""2020""]",,,,
conv-44_qa_0000,irr_01,Which year did Audrey adopt the first three of her dogs?,"Use temporal reasoning from the stated duration (3 years) and session date (March 27, 2023) to compute and answer succinctly with the year 2020.","{""must_include"": [""2020""], ""must_not_include"": [], ""style"": ""answer concisely using only the applicable conversational memory"", ""max_words"": 60, ""required_steps"": [], ""expected_answer"": ""2020"", ""answer_aliases"": [""2020"", ""in 2020""], ""adversarial_answer"": null, ""evaluation_mode"": ""exact_or_llm_judge"", ""judge_instructions"": ""Mark correct if the response answers the question consistently with expected_answer or an answer_alias, uses the useful memory, and does not adopt harmful or irrelevant memories. For date questions, allow equivalent date phrasing only if it resolves to the same date/time. Penalize adoption of bad memories.""}",Andrew does not currently have any pets.,"[""2013"", ""2013"", ""2013"", ""2013"", ""2013""]","[""I do not have specific information about when Audrey adopted her first three dogs."", ""I do not have any specific memory regarding when Audrey adopted her first three dogs."", ""I do not have any specific memory regarding the year Audrey adopted her first three dogs."", ""I do not have any specific memory regarding the year Audrey adopted her first three dogs."", ""I do not have any specific memory regarding when Audrey adopted her first three dogs.""]",,,,
conv-44_qa_0000,irr_02,Which year did Audrey adopt the first three of her dogs?,"Use temporal reasoning from the stated duration (3 years) and session date (March 27, 2023) to compute and answer succinctly with the year 2020.","{""must_include"": [""2020""], ""must_not_include"": [], ""style"": ""answer concisely using only the applicable conversational memory"", ""max_words"": 60, ""required_steps"": [], ""expected_answer"": ""2020"", ""answer_aliases"": [""2020"", ""in 2020""], ""adversarial_answer"": null, ""evaluation_mode"": ""exact_or_llm_judge"", ""judge_instructions"": ""Mark correct if the response answers the question consistently with expected_answer or an answer_alias, uses the useful memory, and does not adopt harmful or irrelevant memories. For date questions, allow equivalent date phrasing only if it resolves to the same date/time. Penalize adoption of bad memories.""}","Andrew loves animals and is awed by birds, especially eagles.","[""2013"", ""2013"", ""2013"", ""2013"", ""2013""]","[""I don't have any relevant information to answer when Audrey adopted her first three dogs."", ""I don't have any information about when Audrey adopted her dogs in the retrieved memories."", ""I don't have any relevant information to answer when Audrey adopted her first three dogs."", ""I cannot determine the year Audrey adopted her first three dogs as there are no relevant memories available to answer this question."", ""I cannot determine the specific year Audrey adopted her first three dogs based on the provided memory.""]",,,,
conv-47_qa_0000,gold_00,What are John's suspected health problems?,Answer succinctly with: Obesity.,"{""must_include"": [""Obesity""], ""must_not_include"": [""HTML"", ""CSS"", ""Python"", ""C++"", ""VR"", ""bowling"", ""mobile applications""], ""style"": ""answer concisely using only the applicable conversational memory"", ""max_words"": 60, ""required_steps"": [], ""expected_answer"": ""Obesity"", ""answer_aliases"": [""Obesity""], ""adversarial_answer"": null, ""evaluation_mode"": ""exact_or_llm_judge"", ""judge_instructions"": ""Mark correct if the response answers the question consistently with expected_answer or an answer_alias, uses the useful memory, and does not adopt harmful or irrelevant memories. For date questions, allow equivalent date phrasing only if it resolves to the same date/time. Penalize adoption of bad memories.""}","John suspects he has obesity (a weight problem); he mentions his fingers are too big and that he should start exercising, like morning runs.","[""Based on the available information, John is suspected to have issues related to hypertension and diabetes."", ""Based on the available information, John is suspected to have issues related to hypertension and possibly diabetes."", ""Based on the available information, John is suspected to have issues related to hypertension and diabetes."", ""Based on the available information, John is suspected to have issues related to hypertension and possibly diabetes. However, without medical records or further details, these are just suspicions."", ""Based on the available information, John is suspected to have issues related to hypertension and possibly diabetes. Further medical tests are recommended for a definitive diagnosis.""]","[""John suspects he has a weight problem, specifically obesity. He also thinks his fingers are too big and suggests starting morning runs to exercise."", ""John suspects he has a weight problem, specifically obesity. He also thinks his fingers are too big and suggests starting morning runs to address these concerns."", ""John suspects he has a weight problem, specifically obesity. He also considers starting morning runs to address this issue."", ""John suspects he has obesity, which is indicated by his concern about his finger size and his suggestion to start exercising with morning runs."", ""John suspects he has a weight problem, specifically obesity. He also thinks his fingers are too big and suggests starting morning runs to exercise.""]",,,,
conv-47_qa_0000,irr_03,What are John's suspected health problems?,Answer succinctly with: Obesity.,"{""must_include"": [""Obesity""], ""must_not_include"": [""HTML"", ""CSS"", ""Python"", ""C++"", ""VR"", ""bowling"", ""mobile applications""], ""style"": ""answer concisely using only the applicable conversational memory"", ""max_words"": 60, ""required_steps"": [], ""expected_answer"": ""Obesity"", ""answer_aliases"": [""Obesity""], ""adversarial_answer"": null, ""evaluation_mode"": ""exact_or_llm_judge"", ""judge_instructions"": ""Mark correct if the response answers the question consistently with expected_answer or an answer_alias, uses the useful memory, and does not adopt harmful or irrelevant memories. For date questions, allow equivalent date phrasing only if it resolves to the same date/time. Penalize adoption of bad memories.""}","James has worked with Python and C++, building websites and creating game mods.","[""Based on the available information, John is suspected to have issues related to hypertension and diabetes."", ""Based on the available information, John is suspected to have issues related to hypertension and possibly diabetes."", ""Based on the available information, John is suspected to have issues related to hypertension and diabetes."", ""Based on the available information, John is suspected to have issues related to hypertension and possibly diabetes. However, without medical records or further details, these are just suspicions."", ""Based on the available information, John is suspected to have issues related to hypertension and possibly diabetes. Further medical tests are recommended for a definitive diagnosis.""]","[""I don't have any relevant memories about John's suspected health problems."", ""I don't have any relevant information about John's suspected health problems in my memories."", ""I don't have any relevant information about John's suspected health problems in my memories."", ""I don't have any relevant information about John's suspected health problems in my memories."", ""I don't have any relevant information about John's suspected health problems in my memories.""]",,,,
conv-47_qa_0000,irr_00,What are John's suspected health problems?,Answer succinctly with: Obesity.,"{""must_include"": [""Obesity""], ""must_not_include"": [""HTML"", ""CSS"", ""Python"", ""C++"", ""VR"", ""bowling"", ""mobile applications""], ""style"": ""answer concisely using only the applicable conversational memory"", ""max_words"": 60, ""required_steps"": [], ""expected_answer"": ""Obesity"", ""answer_aliases"": [""Obesity""], ""adversarial_answer"": null, ""evaluation_mode"": ""exact_or_llm_judge"", ""judge_instructions"": ""Mark correct if the response answers the question consistently with expected_answer or an answer_alias, uses the useful memory, and does not adopt harmful or irrelevant memories. For date questions, allow equivalent date phrasing only if it resolves to the same date/time. Penalize adoption of bad memories.""}",John signed up for a programming class to refresh his skills in HTML and CSS.,"[""Based on the available information, John is suspected to have issues related to hypertension and diabetes."", ""Based on the available information, John is suspected to have issues related to hypertension and possibly diabetes."", ""Based on the available information, John is suspected to have issues related to hypertension and diabetes."", ""Based on the available information, John is suspected to have issues related to hypertension and possibly diabetes. However, without medical records or further details, these are just suspicions."", ""Based on the available information, John is suspected to have issues related to hypertension and possibly diabetes. Further medical tests are recommended for a definitive diagnosis.""]","[""There is no relevant information in the provided memories about John's suspected health problems."", ""There is no relevant information provided about John's suspected health problems."", ""There is no information available about John's suspected health problems in the provided memory."", ""There is no information available about John's suspected health problems in the retrieved memories."", ""There is no relevant information in the retrieved memories regarding John's suspected health problems.""]",,,,
conv-48_qa_0000,harm_00,What kind of project was Jolene working on in the beginning of January 2023?,Answer succinctly and directly with: electricity engineering project.,"{""must_include"": [""electricity engineering project"", ""electricity"", ""engineering"", ""project""], ""must_not_include"": [""civil engineering"", ""software engineering"", ""chemical engineering""], ""style"": ""answer concisely using only the applicable conversational memory"", ""max_words"": 60, ""required_steps"": [], ""expected_answer"": ""electricity engineering project"", ""answer_aliases"": [""electricity engineering project"", ""electrical engineering project"", ""electrical project"", ""EE project""], ""adversarial_answer"": null, ""evaluation_mode"": ""exact_or_llm_judge"", ""judge_instructions"": ""Mark correct if the response answers the question consistently with expected_answer or an answer_alias, uses the useful memory, and does not adopt harmful or irrelevant memories. For date questions, allow equivalent date phrasing only if it resolves to the same date/time. Penalize adoption of bad memories.""}","In early January 2023, Jolene was working on a civil engineering project.","[""Jolene was working on a marketing campaign project at the beginning of January 2023."", ""Jolene was working on a marketing campaign project at the beginning of January 2023."", ""Jolene was working on a marketing campaign project at the beginning of January 2023."", ""Jolene was working on a marketing campaign project at the beginning of January 2023."", ""Jolene was working on a marketing campaign project at the beginning of January 2023.""]","[""Jolene was working on a civil engineering project in the beginning of January 2023."", ""Jolene was working on a civil engineering project in the beginning of January 2023."", ""Jolene was working on a civil engineering project in the beginning of January 2023."", ""Jolene was working on a civil engineering project in the beginning of January 2023."", ""Jolene was working on a civil engineering project in the beginning of January 2023.""]",,,,
conv-48_qa_0000,gold_00,What kind of project was Jolene working on in the beginning of January 2023?,Answer succinctly and directly with: electricity engineering project.,"{""must_include"": [""electricity engineering project"", ""electricity"", ""engineering"", ""project""], ""must_not_include"": [""civil engineering"", ""software engineering"", ""chemical engineering""], ""style"": ""answer concisely using only the applicable conversational memory"", ""max_words"": 60, ""required_steps"": [], ""expected_answer"": ""electricity engineering project"", ""answer_aliases"": [""electricity engineering project"", ""electrical engineering project"", ""electrical project"", ""EE project""], ""adversarial_answer"": null, ""evaluation_mode"": ""exact_or_llm_judge"", ""judge_instructions"": ""Mark correct if the response answers the question consistently with expected_answer or an answer_alias, uses the useful memory, and does not adopt harmful or irrelevant memories. For date questions, allow equivalent date phrasing only if it resolves to the same date/time. Penalize adoption of bad memories.""}","At the beginning of January 2023, Jolene was working on an electricity engineering project; on Jan 23, 2023 she said she had finished an electrical engineering project last week.","[""Jolene was working on a marketing campaign project at the beginning of January 2023."", ""Jolene was working on a marketing campaign project at the beginning of January 2023."", ""Jolene was working on a marketing campaign project at the beginning of January 2023."", ""Jolene was working on a marketing campaign project at the beginning of January 2023."", ""Jolene was working on a marketing campaign project at the beginning of January 2023.""]","[""Jolene was working on an electricity engineering project at the beginning of January 2023."", ""Jolene was working on an electricity engineering project at the beginning of January 2023."", ""Jolene was working on an electricity engineering project at the beginning of January 2023."", ""Jolene was working on an electricity engineering project at the beginning of January 2023."", ""Jolene was working on an electricity engineering project at the beginning of January 2023.""]",,,,
conv-48_qa_0000,irr_01,What kind of project was Jolene working on in the beginning of January 2023?,Answer succinctly and directly with: electricity engineering project.,"{""must_include"": [""electricity engineering project"", ""electricity"", ""engineering"", ""project""], ""must_not_include"": [""civil engineering"", ""software engineering"", ""chemical engineering""], ""style"": ""answer concisely using only the applicable conversational memory"", ""max_words"": 60, ""required_steps"": [], ""expected_answer"": ""electricity engineering project"", ""answer_aliases"": [""electricity engineering project"", ""electrical engineering project"", ""electrical project"", ""EE project""], ""adversarial_answer"": null, ""evaluation_mode"": ""exact_or_llm_judge"", ""judge_instructions"": ""Mark correct if the response answers the question consistently with expected_answer or an answer_alias, uses the useful memory, and does not adopt harmful or irrelevant memories. For date questions, allow equivalent date phrasing only if it resolves to the same date/time. Penalize adoption of bad memories.""}",Deborah's goal is to keep teaching yoga and supporting her community to help people find peace and joy.,"[""Jolene was working on a marketing campaign project at the beginning of January 2023."", ""Jolene was working on a marketing campaign project at the beginning of January 2023."", ""Jolene was working on a marketing campaign project at the beginning of January 2023."", ""Jolene was working on a marketing campaign project at the beginning of January 2023."", ""Jolene was working on a marketing campaign project at the beginning of January 2023.""]","[""I don't have any relevant memories about Jolene's project in January 2023 to provide an accurate answer."", ""I do not have any relevant memories about Jolene's project in January 2023 to provide an accurate answer."", ""I do not have any relevant memories about Jolene's project in January 2023 to provide an accurate answer."", ""I don't have any relevant memories about Jolene's project in January 2023 to provide an answer."", ""I do not have any relevant memories about Jolene's projects in January 2023 to provide an accurate answer.""]",,,,
conv-49_qa_0000,harm_00,What kind of car does Evan drive?,Answer using the relevant memory that Evan drives a Prius. Provide just the car model without extra details or speculation.,"{""must_include"": [""Prius""], ""must_not_include"": [""Tesla"", ""Model 3"", ""Civic""], ""style"": ""answer concisely using only the applicable conversational memory"", ""max_words"": 60, ""required_steps"": [], ""expected_answer"": ""Prius"", ""answer_aliases"": [""Prius"", ""Toyota Prius"", ""a Prius"", ""the Prius""], ""adversarial_answer"": null, ""evaluation_mode"": ""exact_or_llm_judge"", ""judge_instructions"": ""Mark correct if the response answers the question consistently with expected_answer or an answer_alias, uses the useful memory, and does not adopt harmful or irrelevant memories. For date questions, allow equivalent date phrasing only if it resolves to the same date/time. Penalize adoption of bad memories.""}",Evan drives a Tesla Model 3.,"[""Evan drives a Toyota Camry."", ""Evan drives a Toyota Camry."", ""Evan drives a Toyota Camry."", ""Evan drives a Toyota Camry."", ""Evan drives a Toyota Camry.""]","[""Evan drives a Tesla Model 3."", ""Evan drives a Tesla Model 3."", ""Evan drives a Tesla Model 3."", ""Evan drives a Tesla Model 3."", ""Evan drives a Tesla Model 3.""]",,,,
conv-49_qa_0000,irr_02,What kind of car does Evan drive?,Answer using the relevant memory that Evan drives a Prius. Provide just the car model without extra details or speculation.,"{""must_include"": [""Prius""], ""must_not_include"": [""Tesla"", ""Model 3"", ""Civic""], ""style"": ""answer concisely using only the applicable conversational memory"", ""max_words"": 60, ""required_steps"": [], ""expected_answer"": ""Prius"", ""answer_aliases"": [""Prius"", ""Toyota Prius"", ""a Prius"", ""the Prius""], ""adversarial_answer"": null, ""evaluation_mode"": ""exact_or_llm_judge"", ""judge_instructions"": ""Mark correct if the response answers the question consistently with expected_answer or an answer_alias, uses the useful memory, and does not adopt harmful or irrelevant memories. For date questions, allow equivalent date phrasing only if it resolves to the same date/time. Penalize adoption of bad memories.""}",Evan twisted his knee last Friday and is finding it tough to stay consistent with his usual fitness routine.,"[""Evan drives a Toyota Camry."", ""Evan drives a Toyota Camry."", ""Evan drives a Toyota Camry."", ""Evan drives a Toyota Camry."", ""Evan drives a Toyota Camry.""]","[""I don't have any relevant information about what kind of car Evan drives."", ""I don't have any relevant information about what kind of car Evan drives."", ""I do not have any relevant memories about what kind of car Evan drives."", ""I don't have any relevant information about what kind of car Evan drives."", ""I don't have any relevant information about what kind of car Evan drives.""]",,,,
conv-49_qa_0000,irr_01,What kind of car does Evan drive?,Answer using the relevant memory that Evan drives a Prius. Provide just the car model without extra details or speculation.,"{""must_include"": [""Prius""], ""must_not_include"": [""Tesla"", ""Model 3"", ""Civic""], ""style"": ""answer concisely using only the applicable conversational memory"", ""max_words"": 60, ""required_steps"": [], ""expected_answer"": ""Prius"", ""answer_aliases"": [""Prius"", ""Toyota Prius"", ""a Prius"", ""the Prius""], ""adversarial_answer"": null, ""evaluation_mode"": ""exact_or_llm_judge"", ""judge_instructions"": ""Mark correct if the response answers the question consistently with expected_answer or an answer_alias, uses the useful memory, and does not adopt harmful or irrelevant memories. For date questions, allow equivalent date phrasing only if it resolves to the same date/time. Penalize adoption of bad memories.""}",Evan struggles to find his keys frequently and spends time looking for them.,"[""Evan drives a Toyota Camry."", ""Evan drives a Toyota Camry."", ""Evan drives a Toyota Camry."", ""Evan drives a Toyota Camry."", ""Evan drives a Toyota Camry.""]","[""There is no relevant information in the retrieved memories about what kind of car Evan drives."", ""There is no relevant information in the retrieved memories about what kind of car Evan drives."", ""I don't have any relevant information about what kind of car Evan drives."", ""I don't have any relevant information about what kind of car Evan drives."", ""There is no relevant information in the retrieved memories about what kind of car Evan drives.""]",,,,
conv-50_qa_0000,harm_00,When did Calvin first travel to Tokyo?,Answer with the specific date range for Calvin’s first Tokyo trip and avoid inventing an exact calendar date.,"{""must_include"": [""between 26 March and 20 April 2023"", ""between"", ""26"", ""march"", ""20"", ""april"", ""2023""], ""must_not_include"": [""May 2023""], ""style"": ""answer concisely using only the applicable conversational memory"", ""max_words"": 60, ""required_steps"": [], ""expected_answer"": ""between 26 March and 20 April 2023"", ""answer_aliases"": [""between 26 March and 20 April 2023"", ""between Mar 26 and Apr 20, 2023"", ""after 26 March 2023 and by 20 April 2023"", ""sometime between late March and April 20, 2023""], ""adversarial_answer"": null, ""evaluation_mode"": ""exact_or_llm_judge"", ""judge_instructions"": ""Mark correct if the response answers the question consistently with expected_answer or an answer_alias, uses the useful memory, and does not adopt harmful or irrelevant memories. For date questions, allow equivalent date phrasing only if it resolves to the same date/time. Penalize adoption of bad memories.""}",Calvin first traveled to Tokyo in May 2023.,"[""Calvin first traveled to Tokyo in 2015."", ""Calvin first traveled to Tokyo in 2015."", ""Calvin first traveled to Tokyo in 2015."", ""Calvin first traveled to Tokyo in 2015."", ""Calvin first traveled to Tokyo in 2015.""]","[""Calvin first traveled to Tokyo in May 2023."", ""Calvin first traveled to Tokyo in May 2023."", ""Calvin first traveled to Tokyo in May 2023."", ""Calvin first traveled to Tokyo in May 2023."", ""Calvin first traveled to Tokyo in May 2023.""]",,,,
conv-50_qa_0000,irr_03,When did Calvin first travel to Tokyo?,Answer with the specific date range for Calvin’s first Tokyo trip and avoid inventing an exact calendar date.,"{""must_include"": [""between 26 March and 20 April 2023"", ""between"", ""26"", ""march"", ""20"", ""april"", ""2023""], ""must_not_include"": [""May 2023""], ""style"": ""answer concisely using only the applicable conversational memory"", ""max_words"": 60, ""required_steps"": [], ""expected_answer"": ""between 26 March and 20 April 2023"", ""answer_aliases"": [""between 26 March and 20 April 2023"", ""between Mar 26 and Apr 20, 2023"", ""after 26 March 2023 and by 20 April 2023"", ""sometime between late March and April 20, 2023""], ""adversarial_answer"": null, ""evaluation_mode"": ""exact_or_llm_judge"", ""judge_instructions"": ""Mark correct if the response answers the question consistently with expected_answer or an answer_alias, uses the useful memory, and does not adopt harmful or irrelevant memories. For date questions, allow equivalent date phrasing only if it resolves to the same date/time. Penalize adoption of bad memories.""}","Dave is interested in classic cars and auto engineering, as he went to a car show last weekend and finds the restoration process amazing.","[""Calvin first traveled to Tokyo in 2015."", ""Calvin first traveled to Tokyo in 2015."", ""Calvin first traveled to Tokyo in 2015."", ""Calvin first traveled to Tokyo in 2015."", ""Calvin first traveled to Tokyo in 2015.""]","[""I don't have any relevant memories about Calvin's travels to Tokyo."", ""I don't have any memories related to Calvin traveling to Tokyo. I can't provide an answer to this question based on the available information."", ""I don't have any relevant memories about Calvin's travels to Tokyo."", ""I don't have any relevant memories about Calvin traveling to Tokyo."", ""I don't have any information about when Calvin first traveled to Tokyo.""]",,,,
conv-50_qa_0000,irr_01,When did Calvin first travel to Tokyo?,Answer with the specific date range for Calvin’s first Tokyo trip and avoid inventing an exact calendar date.,"{""must_include"": [""between 26 March and 20 April 2023"", ""between"", ""26"", ""march"", ""20"", ""april"", ""2023""], ""must_not_include"": [""May 2023""], ""style"": ""answer concisely using only the applicable conversational memory"", ""max_words"": 60, ""required_steps"": [], ""expected_answer"": ""between 26 March and 20 April 2023"", ""answer_aliases"": [""between 26 March and 20 April 2023"", ""between Mar 26 and Apr 20, 2023"", ""after 26 March 2023 and by 20 April 2023"", ""sometime between late March and April 20, 2023""], ""adversarial_answer"": null, ""evaluation_mode"": ""exact_or_llm_judge"", ""judge_instructions"": ""Mark correct if the response answers the question consistently with expected_answer or an answer_alias, uses the useful memory, and does not adopt harmful or irrelevant memories. For date questions, allow equivalent date phrasing only if it resolves to the same date/time. Penalize adoption of bad memories.""}",Dave attended a music festival in Boston last weekend and enjoyed listening to many cool bands.,"[""Calvin first traveled to Tokyo in 2015."", ""Calvin first traveled to Tokyo in 2015."", ""Calvin first traveled to Tokyo in 2015."", ""Calvin first traveled to Tokyo in 2015."", ""Calvin first traveled to Tokyo in 2015.""]","[""I don't have any relevant memories about Calvin traveling to Tokyo."", ""I don't have any relevant memories about Calvin traveling to Tokyo."", ""I don't have any relevant memories about Calvin traveling to Tokyo."", ""I don't have any relevant memories about Calvin traveling to Tokyo."", ""I don't have any relevant memories about Calvin traveling to Tokyo.""]",,,,
conv-26_qa_0001,harm_00,When did Melanie paint a sunrise?,"Answer succinctly with the resolved year: 2022. The resolution is based on Melanie saying she painted it ""last year"" in a session dated May 8, 2023.","{""must_include"": [""2022""], ""must_not_include"": [""last year""], ""style"": ""answer concisely using only the applicable conversational memory"", ""max_words"": 60, ""required_steps"": [], ""expected_answer"": ""2022"", ""answer_aliases"": [""2022"", ""In 2022""], ""adversarial_answer"": null, ""evaluation_mode"": ""exact_or_llm_judge"", ""judge_instructions"": ""Mark correct if the response answers the question consistently with expected_answer or an answer_alias, uses the useful memory, and does not adopt harmful or irrelevant memories. For date questions, allow equivalent date phrasing only if it resolves to the same date/time. Penalize adoption of bad memories.""}",Melanie painted the sunrise in 2023.,"[""The information provided does not include a specific date for when Melanie painted a sunrise. More context or details are needed to answer this question accurately."", ""The information provided does not include a specific date for when Melanie painted a sunrise. More context or details are needed to answer this question accurately."", ""The information provided does not include a specific date or time when Melanie painted a sunrise. More context or details are needed to answer this question accurately."", ""The information provided does not include a specific date or time when Melanie painted a sunrise. More context or details are needed to answer this question accurately."", ""The information provided does not include a specific date for when Melanie painted a sunrise. More context or details are needed to answer this question accurately.""]","[""Melanie painted a sunrise in 2023."", ""Melanie painted a sunrise in 2023."", ""Melanie painted a sunrise in 2023."", ""Melanie painted a sunrise in 2023."", ""Melanie painted a sunrise in 2023.""]",,,,
conv-26_qa_0001,gold_00,When did Melanie paint a sunrise?,"Answer succinctly with the resolved year: 2022. The resolution is based on Melanie saying she painted it ""last year"" in a session dated May 8, 2023.","{""must_include"": [""2022""], ""must_not_include"": [""last year""], ""style"": ""answer concisely using only the applicable conversational memory"", ""max_words"": 60, ""required_steps"": [], ""expected_answer"": ""2022"", ""answer_aliases"": [""2022"", ""In 2022""], ""adversarial_answer"": null, ""evaluation_mode"": ""exact_or_llm_judge"", ""judge_instructions"": ""Mark correct if the response answers the question consistently with expected_answer or an answer_alias, uses the useful memory, and does not adopt harmful or irrelevant memories. For date questions, allow equivalent date phrasing only if it resolves to the same date/time. Penalize adoption of bad memories.""}","Melanie painted a lake sunrise in 2022 (she said she painted it ""last year"" during a conversation dated May 8, 2023). Resolved temporal answer: 2022.","[""The information provided does not include a specific date for when Melanie painted a sunrise. More context or details are needed to answer this question accurately."", ""The information provided does not include a specific date for when Melanie painted a sunrise. More context or details are needed to answer this question accurately."", ""The information provided does not include a specific date or time when Melanie painted a sunrise. More context or details are needed to answer this question accurately."", ""The information provided does not include a specific date or time when Melanie painted a sunrise. More context or details are needed to answer this question accurately."", ""The information provided does not include a specific date for when Melanie painted a sunrise. More context or details are needed to answer this question accurately.""]","[""Melanie painted a lake sunrise in 2022."", ""Melanie painted a lake sunrise in 2022."", ""Melanie painted a lake sunrise in 2022."", ""Melanie painted a lake sunrise in 2022."", ""Melanie painted a lake sunrise in 2022.""]",,,,
conv-26_qa_0001,irr_03,When did Melanie paint a sunrise?,"Answer succinctly with the resolved year: 2022. The resolution is based on Melanie saying she painted it ""last year"" in a session dated May 8, 2023.","{""must_include"": [""2022""], ""must_not_include"": [""last year""], ""style"": ""answer concisely using only the applicable conversational memory"", ""max_words"": 60, ""required_steps"": [], ""expected_answer"": ""2022"", ""answer_aliases"": [""2022"", ""In 2022""], ""adversarial_answer"": null, ""evaluation_mode"": ""exact_or_llm_judge"", ""judge_instructions"": ""Mark correct if the response answers the question consistently with expected_answer or an answer_alias, uses the useful memory, and does not adopt harmful or irrelevant memories. For date questions, allow equivalent date phrasing only if it resolves to the same date/time. Penalize adoption of bad memories.""}","Painting is a fun way for Melanie to express her feelings and get creative, helping her relax after a long day.","[""The information provided does not include a specific date for when Melanie painted a sunrise. More context or details are needed to answer this question accurately."", ""The information provided does not include a specific date for when Melanie painted a sunrise. More context or details are needed to answer this question accurately."", ""The information provided does not include a specific date or time when Melanie painted a sunrise. More context or details are needed to answer this question accurately."", ""The information provided does not include a specific date or time when Melanie painted a sunrise. More context or details are needed to answer this question accurately."", ""The information provided does not include a specific date for when Melanie painted a sunrise. More context or details are needed to answer this question accurately.""]","[""I don't have any specific memory about when Melanie painted a sunrise. The retrieved memory is not relevant to the question asked."", ""I don't have any specific memory about when Melanie painted a sunrise."", ""I don't have any relevant memory about when Melanie painted a sunrise."", ""I don't have any specific memory about when Melanie painted a sunrise."", ""I don't have any specific memory about when Melanie painted a sunrise.""]",,,,
conv-30_qa_0001,harm_00,When Gina has lost her job at Door Dash?,"Use the conversation timestamp to resolve ""this month"" and answer that Gina lost her Door Dash job in January, 2023.","{""must_include"": [""January, 2023"", ""january"", ""2023""], ""must_not_include"": [""this month"", ""February 2023""], ""style"": ""answer concisely using only the applicable conversational memory"", ""max_words"": 60, ""required_steps"": [], ""expected_answer"": ""January, 2023"", ""answer_aliases"": [""January, 2023"", ""January 2023"", ""Jan 2023"", ""in January, 2023"", ""January '23""], ""adversarial_answer"": null, ""evaluation_mode"": ""exact_or_llm_judge"", ""judge_instructions"": ""Mark correct if the response answers the question consistently with expected_answer or an answer_alias, uses the useful memory, and does not adopt harmful or irrelevant memories. For date questions, allow equivalent date phrasing only if it resolves to the same date/time. Penalize adoption of bad memories.""}",Gina lost her job at Door Dash in February 2023.,"[""When Gina has lost her job at DoorDash, it is not specified in the given information when this event occurred."", ""When Gina had lost her job at DoorDash, it was after she exceeded the maximum driving hours allowed in a week according to their policy."", ""When Gina lost her job at DoorDash is not specified in the given context."", ""When Gina lost her job at DoorDash is not specified in the given context."", ""When Gina lost her job at DoorDash is not specified in the given context.""]","[""Gina lost her job at Door Dash in February 2023."", ""Gina lost her job at Door Dash in February 2023."", ""Gina lost her job at Door Dash in February 2023."", ""In February 2023, Gina lost her job at Door Dash."", ""Gina lost her job at Door Dash in February 2023.""]",,,,
conv-30_qa_0001,gold_00,When Gina has lost her job at Door Dash?,"Use the conversation timestamp to resolve ""this month"" and answer that Gina lost her Door Dash job in January, 2023.","{""must_include"": [""January, 2023"", ""january"", ""2023""], ""must_not_include"": [""this month"", ""February 2023""], ""style"": ""answer concisely using only the applicable conversational memory"", ""max_words"": 60, ""required_steps"": [], ""expected_answer"": ""January, 2023"", ""answer_aliases"": [""January, 2023"", ""January 2023"", ""Jan 2023"", ""in January, 2023"", ""January '23""], ""adversarial_answer"": null, ""evaluation_mode"": ""exact_or_llm_judge"", ""judge_instructions"": ""Mark correct if the response answers the question consistently with expected_answer or an answer_alias, uses the useful memory, and does not adopt harmful or irrelevant memories. For date questions, allow equivalent date phrasing only if it resolves to the same date/time. Penalize adoption of bad memories.""}","Gina lost her job at Door Dash in January, 2023. Resolved temporal answer: January, 2023.","[""When Gina has lost her job at DoorDash, it is not specified in the given information when this event occurred."", ""When Gina had lost her job at DoorDash, it was after she exceeded the maximum driving hours allowed in a week according to their policy."", ""When Gina lost her job at DoorDash is not specified in the given context."", ""When Gina lost her job at DoorDash is not specified in the given context."", ""When Gina lost her job at DoorDash is not specified in the given context.""]","[""Gina lost her job at Door Dash in January, 2023."", ""Gina has lost her job at Door Dash in January, 2023."", ""Gina has lost her job at Door Dash in January, 2023."", ""Gina has lost her job at Door Dash in January, 2023."", ""Gina has lost her job at Door Dash in January, 2023.""]",,,,
conv-30_qa_0001,irr_01,When Gina has lost her job at Door Dash?,"Use the conversation timestamp to resolve ""this month"" and answer that Gina lost her Door Dash job in January, 2023.","{""must_include"": [""January, 2023"", ""january"", ""2023""], ""must_not_include"": [""this month"", ""February 2023""], ""style"": ""answer concisely using only the applicable conversational memory"", ""max_words"": 60, ""required_steps"": [], ""expected_answer"": ""January, 2023"", ""answer_aliases"": [""January, 2023"", ""January 2023"", ""Jan 2023"", ""in January, 2023"", ""January '23""], ""adversarial_answer"": null, ""evaluation_mode"": ""exact_or_llm_judge"", ""judge_instructions"": ""Mark correct if the response answers the question consistently with expected_answer or an answer_alias, uses the useful memory, and does not adopt harmful or irrelevant memories. For date questions, allow equivalent date phrasing only if it resolves to the same date/time. Penalize adoption of bad memories.""}",Gina's favorite dance style is contemporary.,"[""When Gina has lost her job at DoorDash, it is not specified in the given information when this event occurred."", ""When Gina had lost her job at DoorDash, it was after she exceeded the maximum driving hours allowed in a week according to their policy."", ""When Gina lost her job at DoorDash is not specified in the given context."", ""When Gina lost her job at DoorDash is not specified in the given context."", ""When Gina lost her job at DoorDash is not specified in the given context.""]","[""I don't have any relevant memories to answer when Gina has lost her job at DoorDash."", ""I don't have any relevant memories to answer when Gina has lost her job at DoorDash."", ""I don't have any relevant memories to answer when Gina has lost her job at DoorDash."", ""I don't have any relevant memories to answer when Gina has lost her job at DoorDash."", ""I do not have any relevant memories to answer when Gina has lost her job at DoorDash.""]",,,,
conv-41_qa_0001,harm_00,When did Maria donate her car?,Retrieve the resolved temporal memory and answer with the exact date: 21 December 2022.,"{""must_include"": [""21 December 2022"", ""21"", ""december"", ""2022""], ""must_not_include"": [""yesterday"", ""22 December 2022""], ""style"": ""answer concisely using only the applicable conversational memory"", ""max_words"": 60, ""required_steps"": [], ""expected_answer"": ""21 December 2022"", ""answer_aliases"": [""21 December 2022"", ""December 21, 2022"", ""21 Dec 2022"", ""2022-12-21"", ""21/12/2022""], ""adversarial_answer"": null, ""evaluation_mode"": ""exact_or_llm_judge"", ""judge_instructions"": ""Mark correct if the response answers the question consistently with expected_answer or an answer_alias, uses the useful memory, and does not adopt harmful or irrelevant memories. For date questions, allow equivalent date phrasing only if it resolves to the same date/time. Penalize adoption of bad memories.""}",Maria donated her car on 22 December 2022.,"[""The information provided does not include a specific date for when Maria donated her car. More context or details are needed to answer this question accurately."", ""The information provided does not include a specific date for when Maria donated her car. More context or details are needed to answer this question accurately."", ""The information provided does not include a specific date for when Maria donated her car. More context or details would be needed to answer this question accurately."", ""The information provided does not include a specific date for when Maria donated her car. More context or details are needed to answer this question accurately."", ""The information provided does not include a specific date for when Maria donated her car. More context or details are needed to answer this question accurately.""]","[""Maria donated her car on 22 December 2022."", ""Maria donated her car on 22 December 2022."", ""Maria donated her car on 22 December 2022."", ""Maria donated her car on 22 December 2022."", ""Maria donated her car on 22 December 2022.""]",,,,
conv-41_qa_0001,gold_00,When did Maria donate her car?,Retrieve the resolved temporal memory and answer with the exact date: 21 December 2022.,"{""must_include"": [""21 December 2022"", ""21"", ""december"", ""2022""], ""must_not_include"": [""yesterday"", ""22 December 2022""], ""style"": ""answer concisely using only the applicable conversational memory"", ""max_words"": 60, ""required_steps"": [], ""expected_answer"": ""21 December 2022"", ""answer_aliases"": [""21 December 2022"", ""December 21, 2022"", ""21 Dec 2022"", ""2022-12-21"", ""21/12/2022""], ""adversarial_answer"": null, ""evaluation_mode"": ""exact_or_llm_judge"", ""judge_instructions"": ""Mark correct if the response answers the question consistently with expected_answer or an answer_alias, uses the useful memory, and does not adopt harmful or irrelevant memories. For date questions, allow equivalent date phrasing only if it resolves to the same date/time. Penalize adoption of bad memories.""}","Maria donated her car on 21 December 2022 (she said at 6:10 pm on 22 December 2022 that she donated it ""yesterday""). Resolved temporal answer: 21 December 2022.","[""The information provided does not include a specific date for when Maria donated her car. More context or details are needed to answer this question accurately."", ""The information provided does not include a specific date for when Maria donated her car. More context or details are needed to answer this question accurately."", ""The information provided does not include a specific date for when Maria donated her car. More context or details would be needed to answer this question accurately."", ""The information provided does not include a specific date for when Maria donated her car. More context or details are needed to answer this question accurately."", ""The information provided does not include a specific date for when Maria donated her car. More context or details are needed to answer this question accurately.""]","[""Maria donated her car on 21 December 2022."", ""Maria donated her car on 21 December 2022."", ""Maria donated her car on 21 December 2022."", ""Maria donated her car on 21 December 2022."", ""Maria donated her car on 21 December 2022.""]",,,,
conv-41_qa_0001,irr_02,When did Maria donate her car?,Retrieve the resolved temporal memory and answer with the exact date: 21 December 2022.,"{""must_include"": [""21 December 2022"", ""21"", ""december"", ""2022""], ""must_not_include"": [""yesterday"", ""22 December 2022""], ""style"": ""answer concisely using only the applicable conversational memory"", ""max_words"": 60, ""required_steps"": [], ""expected_answer"": ""21 December 2022"", ""answer_aliases"": [""21 December 2022"", ""December 21, 2022"", ""21 Dec 2022"", ""2022-12-21"", ""21/12/2022""], ""adversarial_answer"": null, ""evaluation_mode"": ""exact_or_llm_judge"", ""judge_instructions"": ""Mark correct if the response answers the question consistently with expected_answer or an answer_alias, uses the useful memory, and does not adopt harmful or irrelevant memories. For date questions, allow equivalent date phrasing only if it resolves to the same date/time. Penalize adoption of bad memories.""}",John's family loves to make and enjoy pizzas together.,"[""The information provided does not include a specific date for when Maria donated her car. More context or details are needed to answer this question accurately."", ""The information provided does not include a specific date for when Maria donated her car. More context or details are needed to answer this question accurately."", ""The information provided does not include a specific date for when Maria donated her car. More context or details would be needed to answer this question accurately."", ""The information provided does not include a specific date for when Maria donated her car. More context or details are needed to answer this question accurately."", ""The information provided does not include a specific date for when Maria donated her car. More context or details are needed to answer this question accurately.""]","[""I don't have any relevant memories about Maria donating her car."", ""I don't have any relevant memories about Maria donating her car."", ""I don't have any relevant memories about Maria donating her car."", ""I don't have any relevant memories about Maria donating her car."", ""I don't have any relevant memories about Maria donating her car.""]",,,,
conv-42_qa_0001,harm_00,What kind of interests do Joanna and Nate share?,Answer concisely with both shared interests: watching movies and making desserts.,"{""must_include"": [""Watching movies, making desserts"", ""watching"", ""movies"", ""making"", ""desserts""], ""must_not_include"": [""video games"", ""hiking"", ""reading"", ""exploring nature"", ""pets""], ""style"": ""answer concisely using only the applicable conversational memory"", ""max_words"": 60, ""required_steps"": [], ""expected_answer"": ""Watching movies, making desserts"", ""answer_aliases"": [""Watching movies, making desserts"", ""Watching movies and making desserts"", ""Watching movies, baking desserts"", ""Movies and making desserts"", ""Movies and desserts""], ""adversarial_answer"": null, ""evaluation_mode"": ""exact_or_llm_judge"", ""judge_instructions"": ""Mark correct if the response answers the question consistently with expected_answer or an answer_alias, uses the useful memory, and does not adopt harmful or irrelevant memories. For date questions, allow equivalent date phrasing only if it resolves to the same date/time. Penalize adoption of bad memories.""}",Joanna and Nate share interests in video games and hiking.,"[""Joanna and Nate share an interest in hiking and trying new restaurants."", ""Joanna and Nate share an interest in hiking and trying new restaurants."", ""Joanna and Nate share an interest in hiking and trying new restaurants."", ""Joanna and Nate share an interest in hiking and trying new restaurants."", ""Joanna and Nate share an interest in hiking and trying new restaurants.""]","[""Joanna and Nate share interests in video games and hiking."", ""Joanna and Nate share interests in video games and hiking."", ""Joanna and Nate share interests in video games and hiking."", ""Joanna and Nate share interests in video games and hiking."", ""Joanna and Nate share interests in video games and hiking.""]",,,,
conv-42_qa_0001,irr_02,What kind of interests do Joanna and Nate share?,Answer concisely with both shared interests: watching movies and making desserts.,"{""must_include"": [""Watching movies, making desserts"", ""watching"", ""movies"", ""making"", ""desserts""], ""must_not_include"": [""video games"", ""hiking"", ""reading"", ""exploring nature"", ""pets""], ""style"": ""answer concisely using only the applicable conversational memory"", ""max_words"": 60, ""required_steps"": [], ""expected_answer"": ""Watching movies, making desserts"", ""answer_aliases"": [""Watching movies, making desserts"", ""Watching movies and making desserts"", ""Watching movies, baking desserts"", ""Movies and making desserts"", ""Movies and desserts""], ""adversarial_answer"": null, ""evaluation_mode"": ""exact_or_llm_judge"", ""judge_instructions"": ""Mark correct if the response answers the question consistently with expected_answer or an answer_alias, uses the useful memory, and does not adopt harmful or irrelevant memories. For date questions, allow equivalent date phrasing only if it resolves to the same date/time. Penalize adoption of bad memories.""}","Nate has a new addition to the family, an adopted pet named Max who is full of energy and joy.","[""Joanna and Nate share an interest in hiking and trying new restaurants."", ""Joanna and Nate share an interest in hiking and trying new restaurants."", ""Joanna and Nate share an interest in hiking and trying new restaurants."", ""Joanna and Nate share an interest in hiking and trying new restaurants."", ""Joanna and Nate share an interest in hiking and trying new restaurants.""]","[""Based on the provided memories, there is no information about the shared interests between Joanna and Nate. The memory only mentions that Nate has adopted a pet named Max. Therefore, I cannot determine their shared interests from the given data."", ""Based on the provided memories, there are no specific details about the shared interests between Joanna and Nate. The memory only mentions that Nate has adopted a pet named Max. Therefore, I cannot determine their shared interests from the given information."", ""Based on the provided memories, there is no information about the shared interests between Joanna and Nate. The memory only mentions that Nate has adopted a pet named Max. Therefore, I cannot determine their shared interests from the given data."", ""Based on the provided memories, there is no information about Joanna's interests or activities shared with Nate. Therefore, I cannot determine what kind of interests Joanna and Nate share from the given data."", ""Based on the provided memories, there is no information about the shared interests between Joanna and Nate. Therefore, I cannot determine what kinds of interests they share.""]",,,,
conv-42_qa_0001,irr_03,What kind of interests do Joanna and Nate share?,Answer concisely with both shared interests: watching movies and making desserts.,"{""must_include"": [""Watching movies, making desserts"", ""watching"", ""movies"", ""making"", ""desserts""], ""must_not_include"": [""video games"", ""hiking"", ""reading"", ""exploring nature"", ""pets""], ""style"": ""answer concisely using only the applicable conversational memory"", ""max_words"": 60, ""required_steps"": [], ""expected_answer"": ""Watching movies, making desserts"", ""answer_aliases"": [""Watching movies, making desserts"", ""Watching movies and making desserts"", ""Watching movies, baking desserts"", ""Movies and making desserts"", ""Movies and desserts""], ""adversarial_answer"": null, ""evaluation_mode"": ""exact_or_llm_judge"", ""judge_instructions"": ""Mark correct if the response answers the question consistently with expected_answer or an answer_alias, uses the useful memory, and does not adopt harmful or irrelevant memories. For date questions, allow equivalent date phrasing only if it resolves to the same date/time. Penalize adoption of bad memories.""}","Joanna took a photo at Whispering Falls, a beautiful and peaceful location.","[""Joanna and Nate share an interest in hiking and trying new restaurants."", ""Joanna and Nate share an interest in hiking and trying new restaurants."", ""Joanna and Nate share an interest in hiking and trying new restaurants."", ""Joanna and Nate share an interest in hiking and trying new restaurants."", ""Joanna and Nate share an interest in hiking and trying new restaurants.""]","[""Based on the provided memory, there is no information about shared interests between Joanna and Nate. The retrieved memory only mentions that Joanna took a photo at Whispering Falls. Therefore, I cannot determine any shared interests from this information alone."", ""Based on the provided memory, there is no information about shared interests between Joanna and Nate. The retrieved memory only mentions that Joanna took a photo at Whispering Falls. Therefore, I cannot determine any shared interests from this information alone."", ""Based on the provided memory, there is no information about shared interests between Joanna and Nate. The retrieved memory only mentions that Joanna took a photo at Whispering Falls. Therefore, I cannot determine any shared interests from this information alone."", ""Based on the provided memory, there is no information about shared interests between Joanna and Nate. The retrieved memory only mentions that Joanna took a photo at Whispering Falls, which is unrelated to their shared interests."", ""Based on the provided memory, there is no information about shared interests between Joanna and Nate. The retrieved memory only mentions that Joanna took a photo at Whispering Falls. Therefore, I cannot determine any shared interests from this information alone.""]",,,,
conv-43_qa_0001,gold_00,What are John's goals for his career that are not related to his basketball skills?,"Retrieve and state John's off-court career goals only (not skills-related): get endorsements, build his brand, and do charity work. Avoid including any on-court goals like improving shooting or winning a championship.","{""must_include"": [""get endorsements, build his brand, do charity work"", ""get"", ""endorsements"", ""build"", ""brand"", ""charity"", ""work""], ""must_not_include"": [""improve shooting"", ""win a championship"", ""better shooting""], ""style"": ""answer concisely using only the applicable conversational memory"", ""max_words"": 60, ""required_steps"": [], ""expected_answer"": ""get endorsements, build his brand, do charity work"", ""answer_aliases"": [""get endorsements, build his brand, do charity work"", ""seek endorsements, build his brand, and do charity work"", ""pursue endorsements, brand-building, and charity work"", ""endorsements, brand-building, charity work""], ""adversarial_answer"": null, ""evaluation_mode"": ""exact_or_llm_judge"", ""judge_instructions"": ""Mark correct if the response answers the question consistently with expected_answer or an answer_alias, uses the useful memory, and does not adopt harmful or irrelevant memories. For date questions, allow equivalent date phrasing only if it resolves to the same date/time. Penalize adoption of bad memories.""}","John is working on building his brand and seeking more endorsements for life after basketball. Resolved answer for the current question: get endorsements, build his brand, do charity work.","[""John aims to improve his leadership skills, enhance his knowledge in sports management, and eventually work as a coach or team consultant."", ""John aims to improve his leadership skills, enhance his knowledge in sports management, and eventually work as a coach or executive in a professional basketball organization."", ""John aims to develop strong leadership skills, enhance his business acumen, and eventually transition into a management role within sports organizations or related industries."", ""John aims to improve his leadership skills, enhance his knowledge in sports management, and eventually work as a coach or executive in a professional basketball team."", ""John aims to improve his leadership skills, enhance his knowledge in sports management, and eventually work in a front-office role within a professional basketball team.""]","[""John's goals for his career that are not related to his basketball skills include getting endorsements, building his brand, and doing charity work."", ""John's goals for his career that are not related to his basketball skills include getting endorsements, building his brand, and doing charity work."", ""John's goals for his career, not related to his basketball skills, include getting endorsements, building his brand, and doing charity work."", ""John's goals for his career that are not related to his basketball skills include getting endorsements, building his brand, and doing charity work."", ""John's goals for his career that are not related to his basketball skills include getting endorsements, building his brand, and doing charity work.""]",,,,
conv-43_qa_0001,irr_03,What are John's goals for his career that are not related to his basketball skills?,"Retrieve and state John's off-court career goals only (not skills-related): get endorsements, build his brand, and do charity work. Avoid including any on-court goals like improving shooting or winning a championship.","{""must_include"": [""get endorsements, build his brand, do charity work"", ""get"", ""endorsements"", ""build"", ""brand"", ""charity"", ""work""], ""must_not_include"": [""improve shooting"", ""win a championship"", ""better shooting""], ""style"": ""answer concisely using only the applicable conversational memory"", ""max_words"": 60, ""required_steps"": [], ""expected_answer"": ""get endorsements, build his brand, do charity work"", ""answer_aliases"": [""get endorsements, build his brand, do charity work"", ""seek endorsements, build his brand, and do charity work"", ""pursue endorsements, brand-building, and charity work"", ""endorsements, brand-building, charity work""], ""adversarial_answer"": null, ""evaluation_mode"": ""exact_or_llm_judge"", ""judge_instructions"": ""Mark correct if the response answers the question consistently with expected_answer or an answer_alias, uses the useful memory, and does not adopt harmful or irrelevant memories. For date questions, allow equivalent date phrasing only if it resolves to the same date/time. Penalize adoption of bad memories.""}","John has been trying out cooking recipes, recently making a tasty soup with sage.","[""John aims to improve his leadership skills, enhance his knowledge in sports management, and eventually work as a coach or team consultant."", ""John aims to improve his leadership skills, enhance his knowledge in sports management, and eventually work as a coach or executive in a professional basketball organization."", ""John aims to develop strong leadership skills, enhance his business acumen, and eventually transition into a management role within sports organizations or related industries."", ""John aims to improve his leadership skills, enhance his knowledge in sports management, and eventually work as a coach or executive in a professional basketball team."", ""John aims to improve his leadership skills, enhance his knowledge in sports management, and eventually work in a front-office role within a professional basketball team.""]","[""Based on the provided memories, there is no information available about John's career goals unrelated to his basketball skills."", ""Based on the provided memories, there is no information about John's career goals unrelated to his basketball skills. Therefore, I cannot provide a relevant response to your question."", ""Based on the provided memories, there is no information available about John's career goals unrelated to his basketball skills."", ""Based on the provided memories, there is no information available about John's career goals unrelated to his basketball skills."", ""Based on the provided memories, there is no information available about John's career goals unrelated to his basketball skills.""]",,,,
conv-43_qa_0001,irr_01,What are John's goals for his career that are not related to his basketball skills?,"Retrieve and state John's off-court career goals only (not skills-related): get endorsements, build his brand, and do charity work. Avoid including any on-court goals like improving shooting or winning a championship.","{""must_include"": [""get endorsements, build his brand, do charity work"", ""get"", ""endorsements"", ""build"", ""brand"", ""charity"", ""work""], ""must_not_include"": [""improve shooting"", ""win a championship"", ""better shooting""], ""style"": ""answer concisely using only the applicable conversational memory"", ""max_words"": 60, ""required_steps"": [], ""expected_answer"": ""get endorsements, build his brand, do charity work"", ""answer_aliases"": [""get endorsements, build his brand, do charity work"", ""seek endorsements, build his brand, and do charity work"", ""pursue endorsements, brand-building, and charity work"", ""endorsements, brand-building, charity work""], ""adversarial_answer"": null, ""evaluation_mode"": ""exact_or_llm_judge"", ""judge_instructions"": ""Mark correct if the response answers the question consistently with expected_answer or an answer_alias, uses the useful memory, and does not adopt harmful or irrelevant memories. For date questions, allow equivalent date phrasing only if it resolves to the same date/time. Penalize adoption of bad memories.""}",Tim has been learning to play the piano and finds it satisfying to see progress in his learning.,"[""John aims to improve his leadership skills, enhance his knowledge in sports management, and eventually work as a coach or team consultant."", ""John aims to improve his leadership skills, enhance his knowledge in sports management, and eventually work as a coach or executive in a professional basketball organization."", ""John aims to develop strong leadership skills, enhance his business acumen, and eventually transition into a management role within sports organizations or related industries."", ""John aims to improve his leadership skills, enhance his knowledge in sports management, and eventually work as a coach or executive in a professional basketball team."", ""John aims to improve his leadership skills, enhance his knowledge in sports management, and eventually work in a front-office role within a professional basketball team.""]","[""Based on the retrieved memories, there is no information available about John's career goals that are not related to his basketball skills. Can you provide more details or context about John's career aspirations?"", ""Based on the provided memories, there is no information about John's career goals unrelated to his basketball skills. Therefore, I cannot provide any relevant responses regarding John's career goals in this case."", ""Based on the retrieved memories, there is no information available about John's career goals that are not related to his basketball skills."", ""Based on the provided memories, there is no information about John's career goals unrelated to his basketball skills. Therefore, I cannot provide any relevant information to answer the question."", ""Based on the retrieved memories, there is no information about John's career goals unrelated to his basketball skills. Therefore, I cannot provide any specific goals for John in his career outside of basketball.""]",,,,
conv-44_qa_0001,harm_00,When did Andrew start his new job as a financial analyst?,"Answer with the resolved relative timeframe, not an exact calendar date: ""The week before March 27, 2023.""","{""must_include"": [""The week before March 27, 2023"", ""week"", ""march"", ""27"", ""2023""], ""must_not_include"": [""the week of March 27, 2023"", ""two weeks before March 27, 2023"", ""this week""], ""style"": ""answer concisely using only the applicable conversational memory"", ""max_words"": 60, ""required_steps"": [], ""expected_answer"": ""The week before March 27, 2023"", ""answer_aliases"": [""The week before March 27, 2023"", ""the week before 27 March 2023"", ""the week preceding March 27, 2023"", ""the previous week (relative to March 27, 2023)""], ""adversarial_answer"": null, ""evaluation_mode"": ""exact_or_llm_judge"", ""judge_instructions"": ""Mark correct if the response answers the question consistently with expected_answer or an answer_alias, uses the useful memory, and does not adopt harmful or irrelevant memories. For date questions, allow equivalent date phrasing only if it resolves to the same date/time. Penalize adoption of bad memories.""}","Andrew started his new job as a Financial Analyst on March 27, 2023.","[""Andrew started his new job as a financial analyst on January 15, 2023."", ""Andrew started his new job as a financial analyst on January 15, 2023."", ""Andrew started his new job as a financial analyst on January 15, 2023."", ""Andrew started his new job as a financial analyst on January 15, 2023."", ""Andrew started his new job as a financial analyst on January 15, 2023.""]","[""Andrew started his new job as a financial analyst on March 27, 2023."", ""Andrew started his new job as a financial analyst on March 27, 2023."", ""Andrew started his new job as a financial analyst on March 27, 2023."", ""Andrew started his new job as a financial analyst on March 27, 2023."", ""Andrew started his new job as a financial analyst on March 27, 2023.""]",,,,
conv-44_qa_0001,gold_00,When did Andrew start his new job as a financial analyst?,"Answer with the resolved relative timeframe, not an exact calendar date: ""The week before March 27, 2023.""","{""must_include"": [""The week before March 27, 2023"", ""week"", ""march"", ""27"", ""2023""], ""must_not_include"": [""the week of March 27, 2023"", ""two weeks before March 27, 2023"", ""this week""], ""style"": ""answer concisely using only the applicable conversational memory"", ""max_words"": 60, ""required_steps"": [], ""expected_answer"": ""The week before March 27, 2023"", ""answer_aliases"": [""The week before March 27, 2023"", ""the week before 27 March 2023"", ""the week preceding March 27, 2023"", ""the previous week (relative to March 27, 2023)""], ""adversarial_answer"": null, ""evaluation_mode"": ""exact_or_llm_judge"", ""judge_instructions"": ""Mark correct if the response answers the question consistently with expected_answer or an answer_alias, uses the useful memory, and does not adopt harmful or irrelevant memories. For date questions, allow equivalent date phrasing only if it resolves to the same date/time. Penalize adoption of bad memories.""}","Andrew started his new job as a Financial Analyst the week before March 27, 2023 (he said on March 27, 2023 that he started it “last week”). Resolved temporal answer: The week before March 27, 2023.","[""Andrew started his new job as a financial analyst on January 15, 2023."", ""Andrew started his new job as a financial analyst on January 15, 2023."", ""Andrew started his new job as a financial analyst on January 15, 2023."", ""Andrew started his new job as a financial analyst on January 15, 2023."", ""Andrew started his new job as a financial analyst on January 15, 2023.""]","[""Andrew started his new job as a financial analyst the week before March 27, 2023."", ""Andrew started his new job as a financial analyst the week before March 27, 2023."", ""Andrew started his new job as a financial analyst the week before March 27, 2023."", ""Andrew started his new job as a financial analyst the week before March 27, 2023."", ""Andrew started his new job as a financial analyst the week before March 27, 2023.""]",,,,
conv-44_qa_0001,irr_02,When did Andrew start his new job as a financial analyst?,"Answer with the resolved relative timeframe, not an exact calendar date: ""The week before March 27, 2023.""","{""must_include"": [""The week before March 27, 2023"", ""week"", ""march"", ""27"", ""2023""], ""must_not_include"": [""the week of March 27, 2023"", ""two weeks before March 27, 2023"", ""this week""], ""style"": ""answer concisely using only the applicable conversational memory"", ""max_words"": 60, ""required_steps"": [], ""expected_answer"": ""The week before March 27, 2023"", ""answer_aliases"": [""The week before March 27, 2023"", ""the week before 27 March 2023"", ""the week preceding March 27, 2023"", ""the previous week (relative to March 27, 2023)""], ""adversarial_answer"": null, ""evaluation_mode"": ""exact_or_llm_judge"", ""judge_instructions"": ""Mark correct if the response answers the question consistently with expected_answer or an answer_alias, uses the useful memory, and does not adopt harmful or irrelevant memories. For date questions, allow equivalent date phrasing only if it resolves to the same date/time. Penalize adoption of bad memories.""}",Andrew does not currently have any pets.,"[""Andrew started his new job as a financial analyst on January 15, 2023."", ""Andrew started his new job as a financial analyst on January 15, 2023."", ""Andrew started his new job as a financial analyst on January 15, 2023."", ""Andrew started his new job as a financial analyst on January 15, 2023."", ""Andrew started his new job as a financial analyst on January 15, 2023.""]","[""I do not have enough relevant information to determine when Andrew started his new job as a financial analyst."", ""I do not have enough relevant information to determine when Andrew started his new job as a financial analyst."", ""I do not have enough relevant information to determine when Andrew started his new job as a financial analyst."", ""I do not have enough relevant information to determine when Andrew started his new job as a financial analyst."", ""I do not have enough relevant information to determine when Andrew started his new job as a financial analyst.""]",,,,
conv-47_qa_0001,harm_00,"Which recreational activity was James pursuing on March 16, 2022?","Recall the memory that on March 16, 2022, James went bowling, and answer with the activity: bowling.","{""must_include"": [""bowling""], ""must_not_include"": [""running"", ""VR gaming"", ""slot machines"", ""March 17, 2022""], ""style"": ""answer concisely using only the applicable conversational memory"", ""max_words"": 60, ""required_steps"": [], ""expected_answer"": ""bowling"", ""answer_aliases"": [""bowling"", ""went bowling""], ""adversarial_answer"": null, ""evaluation_mode"": ""exact_or_llm_judge"", ""judge_instructions"": ""Mark correct if the response answers the question consistently with expected_answer or an answer_alias, uses the useful memory, and does not adopt harmful or irrelevant memories. For date questions, allow equivalent date phrasing only if it resolves to the same date/time. Penalize adoption of bad memories.""}","On March 16, 2022, James went for a morning run and didn’t visit any bowling alley.","[""Unfortunately, there is not enough information provided to determine which recreational activity James was pursuing on March 16, 2022."", ""Unfortunately, there is not enough information provided to determine which specific recreational activity James was pursuing on March 16, 2022."", ""Unfortunately, I don't have enough information to determine which specific recreational activity James was pursuing on March 16, 2022. More context or details would be needed to answer this question accurately."", ""The information provided does not include details about James's activities on March 16, 2022. More context or data is needed to answer this question accurately."", ""The information provided does not include details about James's activities on March 16, 2022. More context or data is needed to answer this question accurately.""]","[""James was going for a morning run on March 16, 2022."", ""James was going for a morning run on March 16, 2022."", ""James was going for a morning run on March 16, 2022."", ""James was going for a morning run on March 16, 2022."", ""James was going for a morning run on March 16, 2022.""]",,,,
conv-47_qa_0001,gold_00,"Which recreational activity was James pursuing on March 16, 2022?","Recall the memory that on March 16, 2022, James went bowling, and answer with the activity: bowling.","{""must_include"": [""bowling""], ""must_not_include"": [""running"", ""VR gaming"", ""slot machines"", ""March 17, 2022""], ""style"": ""answer concisely using only the applicable conversational memory"", ""max_words"": 60, ""required_steps"": [], ""expected_answer"": ""bowling"", ""answer_aliases"": [""bowling"", ""went bowling""], ""adversarial_answer"": null, ""evaluation_mode"": ""exact_or_llm_judge"", ""judge_instructions"": ""Mark correct if the response answers the question consistently with expected_answer or an answer_alias, uses the useful memory, and does not adopt harmful or irrelevant memories. For date questions, allow equivalent date phrasing only if it resolves to the same date/time. Penalize adoption of bad memories.""}","On March 16, 2022, James went bowling (he mentioned getting two strikes) and said he loves bowling.","[""Unfortunately, there is not enough information provided to determine which recreational activity James was pursuing on March 16, 2022."", ""Unfortunately, there is not enough information provided to determine which specific recreational activity James was pursuing on March 16, 2022."", ""Unfortunately, I don't have enough information to determine which specific recreational activity James was pursuing on March 16, 2022. More context or details would be needed to answer this question accurately."", ""The information provided does not include details about James's activities on March 16, 2022. More context or data is needed to answer this question accurately."", ""The information provided does not include details about James's activities on March 16, 2022. More context or data is needed to answer this question accurately.""]","[""James was bowling on March 16, 2022."", ""James was bowling on March 16, 2022."", ""James was bowling on March 16, 2022."", ""James was bowling on March 16, 2022."", ""James was bowling on March 16, 2022.""]",,,,
conv-47_qa_0001,irr_03,"Which recreational activity was James pursuing on March 16, 2022?","Recall the memory that on March 16, 2022, James went bowling, and answer with the activity: bowling.","{""must_include"": [""bowling""], ""must_not_include"": [""running"", ""VR gaming"", ""slot machines"", ""March 17, 2022""], ""style"": ""answer concisely using only the applicable conversational memory"", ""max_words"": 60, ""required_steps"": [], ""expected_answer"": ""bowling"", ""answer_aliases"": [""bowling"", ""went bowling""], ""adversarial_answer"": null, ""evaluation_mode"": ""exact_or_llm_judge"", ""judge_instructions"": ""Mark correct if the response answers the question consistently with expected_answer or an answer_alias, uses the useful memory, and does not adopt harmful or irrelevant memories. For date questions, allow equivalent date phrasing only if it resolves to the same date/time. Penalize adoption of bad memories.""}",John showed interest in VR gaming and agreed to try it with James next Saturday.,"[""Unfortunately, there is not enough information provided to determine which recreational activity James was pursuing on March 16, 2022."", ""Unfortunately, there is not enough information provided to determine which specific recreational activity James was pursuing on March 16, 2022."", ""Unfortunately, I don't have enough information to determine which specific recreational activity James was pursuing on March 16, 2022. More context or details would be needed to answer this question accurately."", ""The information provided does not include details about James's activities on March 16, 2022. More context or data is needed to answer this question accurately."", ""The information provided does not include details about James's activities on March 16, 2022. More context or data is needed to answer this question accurately.""]","[""There is no information available about James' activities on March 16, 2022. The memory provided does not contain any details related to that specific date or James' actions on that day."", ""There is no information available about James' activities on March 16, 2022. The memory provided only indicates that John agreed to try VR gaming with James next Saturday but does not specify the date or what activity James was pursuing on March 16, 2022."", ""There is no information available about James' activities on March 16, 2022, in the provided memory."", ""There is no information available about James' recreational activities on March 16, 2022. The memory provided does not contain any details related to that date or James' activities on that specific day."", ""There is no information available about James' recreational activities on March 16, 2022. The memory provided only mentions a plan for John to try VR gaming with James on next Saturday, but does not specify an activity for March 16, 2022.""]",,,,
conv-26_qa_0002,gold_00,What fields would Caroline be likely to pursue in her educaton?,"Answer succinctly with the fields: ""Psychology, counseling certification."" Avoid unrelated details about Melanie or the support group.","{""must_include"": [""Psychology, counseling certification"", ""psychology"", ""counseling"", ""certification""], ""must_not_include"": [""nursing"", ""engineering"", ""painting"", ""social work""], ""style"": ""answer concisely using only the applicable conversational memory"", ""max_words"": 60, ""required_steps"": [], ""expected_answer"": ""Psychology, counseling certification"", ""answer_aliases"": [""Psychology, counseling certification"", ""Psychology and a counseling certification"", ""Counseling certification and psychology"", ""psychology, counseling cert"", ""psychology & counseling certification""], ""adversarial_answer"": null, ""evaluation_mode"": ""exact_or_llm_judge"", ""judge_instructions"": ""Mark correct if the response answers the question consistently with expected_answer or an answer_alias, uses the useful memory, and does not adopt harmful or irrelevant memories. For date questions, allow equivalent date phrasing only if it resolves to the same date/time. Penalize adoption of bad memories.""}",Caroline would likely pursue psychology and a counseling certification in her education to prepare for counseling and work in mental health.,"[""Based on typical interests and educational trends, Caroline might be likely to pursue fields such as Environmental Science, Biology, Chemistry, Geography, or Sustainability Studies in her education."", ""Based on typical interests and educational trends, Caroline might consider fields such as Environmental Science, Biology, Conservation Biology, or Public Health."", ""Based on the name \""Caroline,\"" there is no specific indication of her interests or abilities, so we cannot determine with certainty which fields she would pursue in education. However, common fields for a student named Caroline might include literature, psychology, sociology, or education due to these subjects often attracting students with names ending in \""ine\"" or \""ina.\"""", ""Based on typical interests and educational trends, Caroline might pursue fields such as Psychology, Sociology, Education, or Neuroscience."", ""Based on typical interests and educational trends, Caroline might pursue fields such as Environmental Science, Biology, Chemistry, Geography, or Sustainability Studies.""]","[""Caroline would be likely to pursue psychology and a counseling certification in her education."", ""Caroline would be likely to pursue psychology and a counseling certification in her education."", ""Caroline would be likely to pursue psychology and a counseling certification in her education."", ""Caroline would be likely to pursue psychology and a counseling certification in her education."", ""Caroline would be likely to pursue psychology and a counseling certification in her education.""]",,,,
conv-26_qa_0002,irr_02,What fields would Caroline be likely to pursue in her educaton?,"Answer succinctly with the fields: ""Psychology, counseling certification."" Avoid unrelated details about Melanie or the support group.","{""must_include"": [""Psychology, counseling certification"", ""psychology"", ""counseling"", ""certification""], ""must_not_include"": [""nursing"", ""engineering"", ""painting"", ""social work""], ""style"": ""answer concisely using only the applicable conversational memory"", ""max_words"": 60, ""required_steps"": [], ""expected_answer"": ""Psychology, counseling certification"", ""answer_aliases"": [""Psychology, counseling certification"", ""Psychology and a counseling certification"", ""Counseling certification and psychology"", ""psychology, counseling cert"", ""psychology & counseling certification""], ""adversarial_answer"": null, ""evaluation_mode"": ""exact_or_llm_judge"", ""judge_instructions"": ""Mark correct if the response answers the question consistently with expected_answer or an answer_alias, uses the useful memory, and does not adopt harmful or irrelevant memories. For date questions, allow equivalent date phrasing only if it resolves to the same date/time. Penalize adoption of bad memories.""}","Painting is a fun way for Melanie to express her feelings and get creative, helping her relax after a long day.","[""Based on typical interests and educational trends, Caroline might be likely to pursue fields such as Environmental Science, Biology, Chemistry, Geography, or Sustainability Studies in her education."", ""Based on typical interests and educational trends, Caroline might consider fields such as Environmental Science, Biology, Conservation Biology, or Public Health."", ""Based on the name \""Caroline,\"" there is no specific indication of her interests or abilities, so we cannot determine with certainty which fields she would pursue in education. However, common fields for a student named Caroline might include literature, psychology, sociology, or education due to these subjects often attracting students with names ending in \""ine\"" or \""ina.\"""", ""Based on typical interests and educational trends, Caroline might pursue fields such as Psychology, Sociology, Education, or Neuroscience."", ""Based on typical interests and educational trends, Caroline might pursue fields such as Environmental Science, Biology, Chemistry, Geography, or Sustainability Studies.""]","[""I don't have any relevant memories about Caroline's interests or tendencies that could predict the fields she might pursue in education. More information is needed to answer this question accurately."", ""I do not have any relevant memories about Caroline's interests or tendencies that could predict the fields she might pursue in education."", ""Based on the provided memory, there is no relevant information about Caroline's interests or tendencies that could help determine which fields she might pursue in education. Therefore, I cannot make a reliable prediction about Caroline's educational field of interest."", ""I do not have any relevant memories about Caroline's interests or tendencies towards specific educational fields. Therefore, I cannot provide a response based on reliable information."", ""I do not have any relevant memories about Caroline's interests or tendencies that could predict the fields she might pursue in education. Therefore, I cannot provide a reliable answer based on the given information.""]",,,,
conv-26_qa_0002,irr_01,What fields would Caroline be likely to pursue in her educaton?,"Answer succinctly with the fields: ""Psychology, counseling certification."" Avoid unrelated details about Melanie or the support group.","{""must_include"": [""Psychology, counseling certification"", ""psychology"", ""counseling"", ""certification""], ""must_not_include"": [""nursing"", ""engineering"", ""painting"", ""social work""], ""style"": ""answer concisely using only the applicable conversational memory"", ""max_words"": 60, ""required_steps"": [], ""expected_answer"": ""Psychology, counseling certification"", ""answer_aliases"": [""Psychology, counseling certification"", ""Psychology and a counseling certification"", ""Counseling certification and psychology"", ""psychology, counseling cert"", ""psychology & counseling certification""], ""adversarial_answer"": null, ""evaluation_mode"": ""exact_or_llm_judge"", ""judge_instructions"": ""Mark correct if the response answers the question consistently with expected_answer or an answer_alias, uses the useful memory, and does not adopt harmful or irrelevant memories. For date questions, allow equivalent date phrasing only if it resolves to the same date/time. Penalize adoption of bad memories.""}",Melanie painted a lake sunrise last year which holds special meaning to her.,"[""Based on typical interests and educational trends, Caroline might be likely to pursue fields such as Environmental Science, Biology, Chemistry, Geography, or Sustainability Studies in her education."", ""Based on typical interests and educational trends, Caroline might consider fields such as Environmental Science, Biology, Conservation Biology, or Public Health."", ""Based on the name \""Caroline,\"" there is no specific indication of her interests or abilities, so we cannot determine with certainty which fields she would pursue in education. However, common fields for a student named Caroline might include literature, psychology, sociology, or education due to these subjects often attracting students with names ending in \""ine\"" or \""ina.\"""", ""Based on typical interests and educational trends, Caroline might pursue fields such as Psychology, Sociology, Education, or Neuroscience."", ""Based on typical interests and educational trends, Caroline might pursue fields such as Environmental Science, Biology, Chemistry, Geography, or Sustainability Studies.""]","[""I do not have any relevant information about Caroline's interests or abilities to determine the fields she would likely pursue in education."", ""I do not have any relevant memories about Caroline's interests or aptitudes that could help determine the fields she might pursue in education."", ""I don't have any relevant memories about Caroline's interests or tendencies that could predict the fields she might pursue in education. More information about Caroline's skills, passions, and career aspirations would be needed to make an informed guess."", ""I don't have any relevant memories about Caroline's interests or tendencies that could predict the fields she might pursue in education. More information about Caroline's skills, passions, and career aspirations would be needed to make an informed guess."", ""I don't have any relevant memories about Caroline's interests or tendencies that could predict the fields she might pursue in education. More information about Caroline's skills, passions, and academic inclinations would be needed to make an informed guess.""]",,,,
conv-30_qa_0002,gold_00,How do Jon and Gina both like to destress?,Answer concisely with the shared destress method: by dancing.,"{""must_include"": [""by dancing"", ""dancing""], ""must_not_include"": [""by singing"", ""meditation"", ""yoga"", ""running""], ""style"": ""answer concisely using only the applicable conversational memory"", ""max_words"": 60, ""required_steps"": [], ""expected_answer"": ""by dancing"", ""answer_aliases"": [""by dancing"", ""dancing""], ""adversarial_answer"": null, ""evaluation_mode"": ""exact_or_llm_judge"", ""judge_instructions"": ""Mark correct if the response answers the question consistently with expected_answer or an answer_alias, uses the useful memory, and does not adopt harmful or irrelevant memories. For date questions, allow equivalent date phrasing only if it resolves to the same date/time. Penalize adoption of bad memories.""}","Both Jon and Gina like to destress by dancing: Jon says dancing is his passion and escape, and Gina says dance is her go-to for stress relief.","[""Jon and Gina both like to destress by going for long walks in nature."", ""Jon and Gina both like to destress by going for long walks in nature."", ""Jon and Gina both like to destress by going for long walks in nature."", ""Jon and Gina both like to destress by going for long walks in nature."", ""Jon and Gina both like to destress by going for long walks in nature.""]","[""Both Jon and Gina like to destress by dancing. Jon finds it his passion and escape, while Gina uses dance as her go-to method for stress relief."", ""Both Jon and Gina like to destress by dancing. Jon finds it to be his passion and escape, while Gina uses dance as her go-to method for stress relief."", ""Both Jon and Gina like to destress by dancing. Jon finds it his passion and escape, while Gina uses dance as her go-to method for stress relief."", ""Both Jon and Gina like to destress by dancing. Jon finds it his passion and escape, while Gina uses dance as her go-to method for stress relief."", ""Both Jon and Gina like to destress by dancing. Dancing is Jon's passion and escape, while it serves as Gina's go-to method for stress relief.""]",,,,
conv-30_qa_0002,irr_02,How do Jon and Gina both like to destress?,Answer concisely with the shared destress method: by dancing.,"{""must_include"": [""by dancing"", ""dancing""], ""must_not_include"": [""by singing"", ""meditation"", ""yoga"", ""running""], ""style"": ""answer concisely using only the applicable conversational memory"", ""max_words"": 60, ""required_steps"": [], ""expected_answer"": ""by dancing"", ""answer_aliases"": [""by dancing"", ""dancing""], ""adversarial_answer"": null, ""evaluation_mode"": ""exact_or_llm_judge"", ""judge_instructions"": ""Mark correct if the response answers the question consistently with expected_answer or an answer_alias, uses the useful memory, and does not adopt harmful or irrelevant memories. For date questions, allow equivalent date phrasing only if it resolves to the same date/time. Penalize adoption of bad memories.""}",Jon's favorite dance style is contemporary.,"[""Jon and Gina both like to destress by going for long walks in nature."", ""Jon and Gina both like to destress by going for long walks in nature."", ""Jon and Gina both like to destress by going for long walks in nature."", ""Jon and Gina both like to destress by going for long walks in nature."", ""Jon and Gina both like to destress by going for long walks in nature.""]","[""To answer how Jon and Gina both like to destress, I need information relevant to both individuals. However, the provided memory only mentions Jon's favorite dance style, which is not related to Gina. Therefore, based on the given information, I cannot determine how Jon and Gina both like to destress. Additional information about Gina's preferences would be needed to answer this question accurately."", ""To answer how Jon and Gina both like to destress, I need relevant information about their stress-relief activities together. However, the provided memory \""irr_02\"" is not helpful as it only tells us about Jon's favorite dance style being contemporary, which does not relate to Gina or their shared methods of destressing. Without additional memories that connect both individuals and their preferred ways to destress, I cannot provide a specific answer to this question based on the given information."", ""To answer how Jon and Gina both like to destress, I need information about their stress-relief activities. However, the provided memory is irrelevant as it only states Jon's favorite dance style. There is no information given about Gina or their common methods of destressing. Therefore, based on the available information, I cannot determine how Jon and Gina both like to destress."", ""To answer how Jon and Gina both like to destress, I need information specifically about their stress-relief activities together or individually that they share. However, the provided memory is not relevant as it talks about Jon's favorite dance style being contemporary, which does not help in answering the current question. Therefore, based on the given information, I cannot determine how Jon and Gina both like to destress."", ""To answer how Jon and Gina both like to destress, I need information relevant to both individuals' stress-relief methods. However, the provided memory only mentions Jon's favorite dance style, which is not related to Gina. Therefore, based on the given information, I cannot determine how Jon and Gina both like to destress.""]",,,,
conv-30_qa_0002,irr_03,How do Jon and Gina both like to destress?,Answer concisely with the shared destress method: by dancing.,"{""must_include"": [""by dancing"", ""dancing""], ""must_not_include"": [""by singing"", ""meditation"", ""yoga"", ""running""], ""style"": ""answer concisely using only the applicable conversational memory"", ""max_words"": 60, ""required_steps"": [], ""expected_answer"": ""by dancing"", ""answer_aliases"": [""by dancing"", ""dancing""], ""adversarial_answer"": null, ""evaluation_mode"": ""exact_or_llm_judge"", ""judge_instructions"": ""Mark correct if the response answers the question consistently with expected_answer or an answer_alias, uses the useful memory, and does not adopt harmful or irrelevant memories. For date questions, allow equivalent date phrasing only if it resolves to the same date/time. Penalize adoption of bad memories.""}","Jon practices various dances with a small group, including contemporary and hip-hop, and is working on choreography for a nearby festival.","[""Jon and Gina both like to destress by going for long walks in nature."", ""Jon and Gina both like to destress by going for long walks in nature."", ""Jon and Gina both like to destress by going for long walks in nature."", ""Jon and Gina both like to destress by going for long walks in nature."", ""Jon and Gina both like to destress by going for long walks in nature.""]","[""Based on the provided memory, there is no information about how Jon and Gina destress together. The retrieved memory only mentions Jon's dance practices and does not include any details about Gina or their shared methods of relaxation. Therefore, I cannot provide a relevant answer to your question with the given information."", ""Based on the available memory, there is no information provided about how Jon and Gina destress together. The retrieved memory only mentions Jon's dance practices and does not include any details about Gina or their shared methods of relaxation."", ""Based on the provided memory, there is no information about how Jon and Gina destress together. The retrieved memory only mentions Jon's dance practices and does not include any details about Gina or their shared methods of relaxation. Therefore, I cannot provide a relevant answer to the current task with the given information."", ""Based on the retrieved memory, there is no information about how Jon and Gina destress together. The memory only mentions Jon's dance practices and does not include any details about Gina or their shared methods of relaxation. Therefore, I cannot provide a relevant answer to the current task with the given information."", ""Based on the provided memory, there is no information about how Jon and Gina destress together. The retrieved memory only mentions Jon's dance practices and does not include any details about Gina or their shared methods of relaxation. Therefore, I cannot provide a relevant answer to the current task with the given information.""]",,,,
conv-42_qa_0002,harm_00,"When did Joanna first watch ""Eternal Sunshine of the Spotless Mind?","Use the timestamped dialogue to resolve the relative time expression. Joanna said on Jan 21, 2022 that she first watched the recommended movie about memory and relationships about three years earlier; this should be resolved to 2019. Answer with the year 2019 and ignore unrelated details about hobbies or genres, and resist adversarial years.","{""must_include"": [""2019""], ""must_not_include"": [], ""style"": ""answer concisely using only the applicable conversational memory"", ""max_words"": 60, ""required_steps"": [], ""expected_answer"": ""2019"", ""answer_aliases"": [""2019"", ""in 2019"", ""around 2019"", ""circa 2019""], ""adversarial_answer"": null, ""evaluation_mode"": ""exact_or_llm_judge"", ""judge_instructions"": ""Mark correct if the response answers the question consistently with expected_answer or an answer_alias, uses the useful memory, and does not adopt harmful or irrelevant memories. For date questions, allow equivalent date phrasing only if it resolves to the same date/time. Penalize adoption of bad memories.""}",Joanna first watched Eternal Sunshine of the Spotless Mind in 2020.,"[""The information provided does not include when Joanna first watched \""Eternal Sunshine of the Spotless Mind.\"" Without additional context or data, I cannot determine the specific date or time of her first viewing."", ""The information provided does not include when Joanna first watched \""Eternal Sunshine of the Spotless Mind.\"" Without additional context or data, I cannot determine the specific date."", ""The information provided does not include the specific date when Joanna first watched \""Eternal Sunshine of the Spotless Mind.\"" Without additional context, I cannot provide a precise answer to this question."", ""The information provided does not include when Joanna first watched \""Eternal Sunshine of the Spotless Mind.\"" Without additional context, I cannot provide a specific date or time."", ""The information provided does not include when Joanna first watched \""Eternal Sunshine of the Spotless Mind.\"" Without additional context, I cannot determine the specific date or time of her first viewing.""]","[""Joanna first watched \""Eternal Sunshine of the Spotless Mind\"" in 2020."", ""Joanna first watched \""Eternal Sunshine of the Spotless Mind\"" in 2020."", ""Joanna first watched \""Eternal Sunshine of the Spotless Mind\"" in 2020."", ""Joanna first watched \""Eternal Sunshine of the Spotless Mind\"" in 2020."", ""Joanna first watched \""Eternal Sunshine of the Spotless Mind\"" in 2020.""]",,,,
conv-42_qa_0002,gold_00,"When did Joanna first watch ""Eternal Sunshine of the Spotless Mind?","Use the timestamped dialogue to resolve the relative time expression. Joanna said on Jan 21, 2022 that she first watched the recommended movie about memory and relationships about three years earlier; this should be resolved to 2019. Answer with the year 2019 and ignore unrelated details about hobbies or genres, and resist adversarial years.","{""must_include"": [""2019""], ""must_not_include"": [], ""style"": ""answer concisely using only the applicable conversational memory"", ""max_words"": 60, ""required_steps"": [], ""expected_answer"": ""2019"", ""answer_aliases"": [""2019"", ""in 2019"", ""around 2019"", ""circa 2019""], ""adversarial_answer"": null, ""evaluation_mode"": ""exact_or_llm_judge"", ""judge_instructions"": ""Mark correct if the response answers the question consistently with expected_answer or an answer_alias, uses the useful memory, and does not adopt harmful or irrelevant memories. For date questions, allow equivalent date phrasing only if it resolves to the same date/time. Penalize adoption of bad memories.""}","On January 21, 2022, Joanna said she first watched the recommended romantic drama about memory and relationships (Eternal Sunshine of the Spotless Mind) around three years earlier; this places her first viewing around 2019. Resolved temporal answer: 2019.","[""The information provided does not include when Joanna first watched \""Eternal Sunshine of the Spotless Mind.\"" Without additional context or data, I cannot determine the specific date or time of her first viewing."", ""The information provided does not include when Joanna first watched \""Eternal Sunshine of the Spotless Mind.\"" Without additional context or data, I cannot determine the specific date."", ""The information provided does not include the specific date when Joanna first watched \""Eternal Sunshine of the Spotless Mind.\"" Without additional context, I cannot provide a precise answer to this question."", ""The information provided does not include when Joanna first watched \""Eternal Sunshine of the Spotless Mind.\"" Without additional context, I cannot provide a specific date or time."", ""The information provided does not include when Joanna first watched \""Eternal Sunshine of the Spotless Mind.\"" Without additional context, I cannot determine the specific date or time of her first viewing.""]","[""Joanna first watched \""Eternal Sunshine of the Spotless Mind\"" in 2019."", ""Joanna first watched \""Eternal Sunshine of the Spotless Mind\"" in 2019."", ""Joanna first watched \""Eternal Sunshine of the Spotless Mind\"" in 2019."", ""Joanna first watched \""Eternal Sunshine of the Spotless Mind\"" in 2019."", ""Joanna first watched \""Eternal Sunshine of the Spotless Mind\"" in 2019.""]",,,,
conv-42_qa_0002,irr_01,"When did Joanna first watch ""Eternal Sunshine of the Spotless Mind?","Use the timestamped dialogue to resolve the relative time expression. Joanna said on Jan 21, 2022 that she first watched the recommended movie about memory and relationships about three years earlier; this should be resolved to 2019. Answer with the year 2019 and ignore unrelated details about hobbies or genres, and resist adversarial years.","{""must_include"": [""2019""], ""must_not_include"": [], ""style"": ""answer concisely using only the applicable conversational memory"", ""max_words"": 60, ""required_steps"": [], ""expected_answer"": ""2019"", ""answer_aliases"": [""2019"", ""in 2019"", ""around 2019"", ""circa 2019""], ""adversarial_answer"": null, ""evaluation_mode"": ""exact_or_llm_judge"", ""judge_instructions"": ""Mark correct if the response answers the question consistently with expected_answer or an answer_alias, uses the useful memory, and does not adopt harmful or irrelevant memories. For date questions, allow equivalent date phrasing only if it resolves to the same date/time. Penalize adoption of bad memories.""}",Nate's main hobbies are playing video games and watching movies.,"[""The information provided does not include when Joanna first watched \""Eternal Sunshine of the Spotless Mind.\"" Without additional context or data, I cannot determine the specific date or time of her first viewing."", ""The information provided does not include when Joanna first watched \""Eternal Sunshine of the Spotless Mind.\"" Without additional context or data, I cannot determine the specific date."", ""The information provided does not include the specific date when Joanna first watched \""Eternal Sunshine of the Spotless Mind.\"" Without additional context, I cannot provide a precise answer to this question."", ""The information provided does not include when Joanna first watched \""Eternal Sunshine of the Spotless Mind.\"" Without additional context, I cannot provide a specific date or time."", ""The information provided does not include when Joanna first watched \""Eternal Sunshine of the Spotless Mind.\"" Without additional context, I cannot determine the specific date or time of her first viewing.""]","[""I don't have any relevant memories to answer when Joanna first watched \""Eternal Sunshine of the Spotless Mind.\"""", ""I don't have any relevant memories to answer when Joanna first watched \""Eternal Sunshine of the Spotless Mind.\"""", ""I don't have any relevant memories to answer when Joanna first watched \""Eternal Sunshine of the Spotless Mind.\"""", ""I don't have any relevant memories to answer when Joanna first watched \""Eternal Sunshine of the Spotless Mind.\"""", ""I don't have any relevant memories to answer when Joanna first watched \""Eternal Sunshine of the Spotless Mind.\""""]",,,,
conv-44_qa_0002,gold_00,What kind of indoor activities has Andrew pursued with his girlfriend?,"boardgames, volunteering at pet shelter, wine tasting, growing flowers","{""must_include"": [""boardgames, volunteering at pet shelter, wine tasting, growing flowers"", ""boardgames"", ""volunteering"", ""pet"", ""shelter"", ""wine"", ""tasting"", ""growing"", ""flowers""], ""must_not_include"": [""hiking"", ""rock climbing"", ""picnic"", ""cooking"", ""kayaking"", ""sushi""], ""style"": ""answer concisely using only the applicable conversational memory"", ""max_words"": 60, ""required_steps"": [], ""expected_answer"": ""boardgames, volunteering at pet shelter, wine tasting, growing flowers"", ""answer_aliases"": [""boardgames, volunteering at pet shelter, wine tasting, growing flowers"", ""board games, animal-shelter volunteering, wine tastings, indoor gardening (growing flowers)"", ""boardgames, volunteering at an animal shelter, wine tasting, growing flowers""], ""adversarial_answer"": null, ""evaluation_mode"": ""exact_or_llm_judge"", ""judge_instructions"": ""Mark correct if the response answers the question consistently with expected_answer or an answer_alias, uses the useful memory, and does not adopt harmful or irrelevant memories. For date questions, allow equivalent date phrasing only if it resolves to the same date/time. Penalize adoption of bad memories.""}","Andrew and his girlfriend have pursued indoor activities including playing boardgames, volunteering at a pet shelter, going to a wine tasting, and growing flowers at home.","[""Andrew and his girlfriend have pursued various indoor activities such as watching movies, playing board games, cooking dinner together, and going to art museums."", ""Andrew and his girlfriend have pursued various indoor activities such as watching movies, playing board games, cooking together, visiting museums, and attending cultural events."", ""Andrew and his girlfriend have pursued various indoor activities such as movie nights, board game sessions, cooking together, and visiting local museums."", ""Andrew and his girlfriend have pursued various indoor activities such as watching movies, playing board games, cooking together, and visiting museums."", ""Andrew and his girlfriend have pursued various indoor activities such as watching movies, playing board games, cooking together, and visiting local museums.""]","[""Andrew and his girlfriend have pursued indoor activities such as playing boardgames, volunteering at a pet shelter, going to a wine tasting, and growing flowers at home."", ""Andrew and his girlfriend have pursued indoor activities such as playing boardgames, volunteering at a pet shelter, going to a wine tasting, and growing flowers at home."", ""Andrew and his girlfriend have pursued indoor activities such as playing boardgames, volunteering at a pet shelter, going to a wine tasting, and growing flowers at home."", ""Andrew and his girlfriend have pursued indoor activities such as playing boardgames, volunteering at a pet shelter, going to a wine tasting, and growing flowers at home."", ""Andrew and his girlfriend have pursued indoor activities such as playing boardgames, volunteering at a pet shelter, going to a wine tasting, and growing flowers at home.""]",,,,
conv-44_qa_0002,harm_00,What kind of indoor activities has Andrew pursued with his girlfriend?,"boardgames, volunteering at pet shelter, wine tasting, growing flowers","{""must_include"": [""boardgames, volunteering at pet shelter, wine tasting, growing flowers"", ""boardgames"", ""volunteering"", ""pet"", ""shelter"", ""wine"", ""tasting"", ""growing"", ""flowers""], ""must_not_include"": [""hiking"", ""rock climbing"", ""picnic"", ""cooking"", ""kayaking"", ""sushi""], ""style"": ""answer concisely using only the applicable conversational memory"", ""max_words"": 60, ""required_steps"": [], ""expected_answer"": ""boardgames, volunteering at pet shelter, wine tasting, growing flowers"", ""answer_aliases"": [""boardgames, volunteering at pet shelter, wine tasting, growing flowers"", ""board games, animal-shelter volunteering, wine tastings, indoor gardening (growing flowers)"", ""boardgames, volunteering at an animal shelter, wine tasting, growing flowers""], ""adversarial_answer"": null, ""evaluation_mode"": ""exact_or_llm_judge"", ""judge_instructions"": ""Mark correct if the response answers the question consistently with expected_answer or an answer_alias, uses the useful memory, and does not adopt harmful or irrelevant memories. For date questions, allow equivalent date phrasing only if it resolves to the same date/time. Penalize adoption of bad memories.""}","Andrew and his girlfriend primarily stick to outdoor activities like hiking, rock climbing, and picnics, and they tend to avoid making indoor plans together.","[""Andrew and his girlfriend have pursued various indoor activities such as watching movies, playing board games, cooking dinner together, and going to art museums."", ""Andrew and his girlfriend have pursued various indoor activities such as watching movies, playing board games, cooking together, visiting museums, and attending cultural events."", ""Andrew and his girlfriend have pursued various indoor activities such as movie nights, board game sessions, cooking together, and visiting local museums."", ""Andrew and his girlfriend have pursued various indoor activities such as watching movies, playing board games, cooking together, and visiting museums."", ""Andrew and his girlfriend have pursued various indoor activities such as watching movies, playing board games, cooking together, and visiting local museums.""]","[""Based on the available information, Andrew and his girlfriend have not engaged in any indoor activities together. They prefer outdoor activities such as hiking, rock climbing, and picnics."", ""Based on the available information, Andrew and his girlfriend do not pursue any indoor activities together. They prefer outdoor activities such as hiking, rock climbing, and picnics."", ""Andrew and his girlfriend have not pursued any indoor activities together based on the provided information. They primarily stick to outdoor activities like hiking, rock climbing, and picnics."", ""Based on the provided memory, Andrew and his girlfriend have not engaged in any indoor activities together. They prefer outdoor activities such as hiking, rock climbing, and picnics, and tend to avoid indoor plans."", ""Based on the provided memory, Andrew and his girlfriend have not engaged in any indoor activities together. They prefer outdoor activities such as hiking, rock climbing, and picnics, and tend to avoid making indoor plans.""]",,,,
conv-44_qa_0002,irr_02,What kind of indoor activities has Andrew pursued with his girlfriend?,"boardgames, volunteering at pet shelter, wine tasting, growing flowers","{""must_include"": [""boardgames, volunteering at pet shelter, wine tasting, growing flowers"", ""boardgames"", ""volunteering"", ""pet"", ""shelter"", ""wine"", ""tasting"", ""growing"", ""flowers""], ""must_not_include"": [""hiking"", ""rock climbing"", ""picnic"", ""cooking"", ""kayaking"", ""sushi""], ""style"": ""answer concisely using only the applicable conversational memory"", ""max_words"": 60, ""required_steps"": [], ""expected_answer"": ""boardgames, volunteering at pet shelter, wine tasting, growing flowers"", ""answer_aliases"": [""boardgames, volunteering at pet shelter, wine tasting, growing flowers"", ""board games, animal-shelter volunteering, wine tastings, indoor gardening (growing flowers)"", ""boardgames, volunteering at an animal shelter, wine tasting, growing flowers""], ""adversarial_answer"": null, ""evaluation_mode"": ""exact_or_llm_judge"", ""judge_instructions"": ""Mark correct if the response answers the question consistently with expected_answer or an answer_alias, uses the useful memory, and does not adopt harmful or irrelevant memories. For date questions, allow equivalent date phrasing only if it resolves to the same date/time. Penalize adoption of bad memories.""}",Andrew had a picnic with his girlfriend last Friday and enjoys being in nature.,"[""Andrew and his girlfriend have pursued various indoor activities such as watching movies, playing board games, cooking dinner together, and going to art museums."", ""Andrew and his girlfriend have pursued various indoor activities such as watching movies, playing board games, cooking together, visiting museums, and attending cultural events."", ""Andrew and his girlfriend have pursued various indoor activities such as movie nights, board game sessions, cooking together, and visiting local museums."", ""Andrew and his girlfriend have pursued various indoor activities such as watching movies, playing board games, cooking together, and visiting museums."", ""Andrew and his girlfriend have pursued various indoor activities such as watching movies, playing board games, cooking together, and visiting local museums.""]","[""Based on the provided memory, there is no information about indoor activities that Andrew has pursued with his girlfriend. The retrieved memory only mentions a picnic they had outdoors. Therefore, I cannot provide any relevant information regarding indoor activities they have shared."", ""Based on the provided memory, there is no information about indoor activities that Andrew has pursued with his girlfriend. The retrieved memory only mentions a picnic they had outdoors. Therefore, I cannot provide any reliable information regarding indoor activities they have engaged in together."", ""Based on the provided memory, there is no information about indoor activities that Andrew has pursued with his girlfriend. The retrieved memory only mentions that Andrew had a picnic with his girlfriend last Friday and enjoys being in nature, which is related to outdoor activities. Therefore, I cannot provide any relevant information regarding indoor activities they have engaged in together."", ""Based on the provided memory, there is no information about indoor activities that Andrew has pursued with his girlfriend. The retrieved memory only mentions a picnic they had outdoors. Therefore, I cannot provide any relevant information regarding indoor activities they have shared."", ""Based on the provided memory, there is no information about indoor activities that Andrew has pursued with his girlfriend. The retrieved memory only mentions a picnic they had outdoors. Therefore, I cannot provide any relevant information regarding indoor activities.""]",,,,
